<?xml version="1.0" encoding="utf-8" ?>
<Levels>
	<Border>border_screen.png</Border>
	<WindowPosX>30</WindowPosX>
	<WindowPosY>40</WindowPosY>
	
	<Timer>
		<YourHitRus>Ваш удар</YourHitRus>
		<YourHitEng>Your hit</YourHitEng>
		<OpponentHitRus>Удар противника</OpponentHitRus>
		<OpponentHitEng>Beat the opponent</OpponentHitEng>
		<FontName>Arial</FontName>
		<FontColor>0xffffff</FontColor>
		<FontSize>14</FontSize>
		<PosX>300</PosX>
		<PosY>20</PosY>
	</Timer>
	
	<Button>
		<Name>buttonBackInMenuLevel</Name>
		<TextRus>Выйти в меню</TextRus>
		<TextEng>Back in menu</TextEng>
		<Texture>button.png</Texture>
		<FontName>Arial</FontName>
		<FontColor>0xffffff</FontColor>
		<FontSize>14</FontSize>
		<PosX>37</PosX>
		<PosY>661</PosY>
	</Button>
	<Button>
		<Name>menuButtonSattings</Name>
		<TextRus>Настройки</TextRus>
		<TextEng>Settings</TextEng>
		<Texture>button.png</Texture>
		<FontName>Arial</FontName>
		<FontColor>0xffffff</FontColor>
		<FontSize>14</FontSize>
		<PosX>237</PosX>
		<PosY>661</PosY>
	</Button>
	<Button>
		<Name>VKButtonInvite</Name>
		<TextRus>Пригласить</TextRus>
		<TextEng>Invite</TextEng>
		<Texture>button.png</Texture>
		<FontName>Arial</FontName>
		<FontColor>0xffffff</FontColor>
		<FontSize>14</FontSize>
		<PosX>437</PosX>
		<PosY>661</PosY>
	</Button>
	<Button>
		<Name>buttonFightEnd</Name>
		<TextRus>Закончить битву</TextRus>
		<TextEng>Finish fight</TextEng>
		<Texture>button.png</Texture>
		<FontName>Arial</FontName>
		<FontColor>0xffffff</FontColor>
		<FontSize>14</FontSize>
		<PosX>637</PosX>
		<PosY>661</PosY>
	</Button>
	
	
	<level>
		<FieldFileXML>level1.xml</FieldFileXML>
		<Background>level_1.png</Background>
	</level>
	<level>
		<FieldFileXML>level2.xml</FieldFileXML>
		<Background>level_2.png</Background>
	</level>
	<level>
		<FieldFileXML>level3.xml</FieldFileXML>
		<Background>level_3.png</Background>
	</level>
	<level>
		<FieldFileXML>level4.xml</FieldFileXML>
		<Background>level_4.png</Background>
	</level>
	<level>
		<FieldFileXML>level5.xml</FieldFileXML>
		<Background>level_5.png</Background>
	</level>
	<level>
		<FieldFileXML>level6.xml</FieldFileXML>
		<Background>level_6.png</Background>
	</level>
	<level>
		<FieldFileXML>level7.xml</FieldFileXML>
		<Background>level_7.png</Background>
	</level>
	<level>
		<FieldFileXML>level8.xml</FieldFileXML>
		<Background>level_8.png</Background>
	</level>
	<level>
		<FieldFileXML>level9.xml</FieldFileXML>
		<Background>level_9.png</Background>
	</level>
	<level>
		<FieldFileXML>level10.xml</FieldFileXML>
		<Background>level_10.png</Background>
	</level>
	<level>
		<FieldFileXML>level11.xml</FieldFileXML>
		<Background>level_11.png</Background>
	</level>
	<level>
		<FieldFileXML>level12.xml</FieldFileXML>
		<Background>level_12.png</Background>
	</level>
	<level>
		<FieldFileXML>level13.xml</FieldFileXML>
		<Background>level_13.png</Background>
	</level>
	
	
	
</Levels>