<?xml version="1.0" encoding="utf-8" ?>
<Stairs>
	<Background>blueportal.png</Background>
	<Border>border_screen.png</Border>
	<WindowPosX>30</WindowPosX>
	<WindowPosY>40</WindowPosY>
	<StairsUp>Stairs_up.png</StairsUp>
	<StairsUpHeight>95</StairsUpHeight>
	<StairsUpWidth>349</StairsUpWidth>
	<StairsDown>Stairs_down.png</StairsDown>
	<StairsCount>13</StairsCount>
	<StairsPosX>240</StairsPosX>
	<StairsPosY>700</StairsPosY>
	
	<Button>
		<Name>buttonBackInMenu</Name>
		<TextRus>Назад в меню</TextRus>
		<TextEng>Back in menu</TextEng>
		<Texture>button.png</Texture>
		<FontName>Arial</FontName>
		<FontColor>0xffffff</FontColor>
		<FontSize>14</FontSize>
		<PosX>37</PosX>
		<PosY>661</PosY>
	</Button>
	<Button>
		<Name>menuButtonSattings</Name>
		<TextRus>Настройки</TextRus>
		<TextEng>Settings</TextEng>
		<Texture>button.png</Texture>
		<FontName>Arial</FontName>
		<FontColor>0xffffff</FontColor>
		<FontSize>14</FontSize>
		<PosX>237</PosX>
		<PosY>661</PosY>
	</Button>
	<Button>
		<Name>VKButtonInvite</Name>
		<TextRus>Пригласить</TextRus>
		<TextEng>Invite</TextEng>
		<Texture>button.png</Texture>
		<FontName>Arial</FontName>
		<FontColor>0xffffff</FontColor>
		<FontSize>14</FontSize>
		<PosX>437</PosX>
		<PosY>661</PosY>
	</Button>
	<Button>
		<Name>buttonFight</Name>
		<TextRus>Битва</TextRus>
		<TextEng>Fight</TextEng>
		<Texture>button.png</Texture>
		<FontName>Arial</FontName>
		<FontColor>0xffffff</FontColor>
		<FontSize>14</FontSize>
		<PosX>637</PosX>
		<PosY>661</PosY>
	</Button>
	
	<Character>
		<Name>characterUser</Name>
		<PosX>50</PosX>
		<PosY>150</PosY>
	</Character>
	<Character>
		<Name>characterAI</Name>
		<PosX>550</PosX>
		<PosY>150</PosY>
	</Character>
	
	<Icon>
		<Name>mkWindowStairsEnemyIcon_1</Name>
		<PosX>162</PosX>
		<PosY>15</PosY>
	</Icon>
	<Icon>
		<Name>mkWindowStairsEnemyIcon_2</Name>
		<PosX>162</PosX>
		<PosY>110</PosY>
	</Icon>
	<Icon>
		<Name>mkWindowStairsEnemyIcon_3</Name>
		<PosX>162</PosX>
		<PosY>205</PosY>
	</Icon>
	<Icon>
		<Name>mkWindowStairsEnemyIcon_4</Name>
		<PosX>162</PosX>
		<PosY>300</PosY>
	</Icon>
	<Icon>
		<Name>mkWindowStairsEnemyIcon_5</Name>
		<PosX>162</PosX>
		<PosY>395</PosY>
	</Icon>
	<Icon>
		<Name>mkWindowStairsEnemyIcon_6</Name>
		<PosX>162</PosX>
		<PosY>490</PosY>
	</Icon>
	<Icon>
		<Name>mkWindowStairsEnemyIcon_7</Name>
		<PosX>162</PosX>
		<PosY>585</PosY>
	</Icon>
	<Icon>
		<Name>mkWindowStairsEnemyIcon_8</Name>
		<PosX>162</PosX>
		<PosY>680</PosY>
	</Icon>
	<Icon>
		<Name>mkWindowStairsEnemyIcon_9</Name>
		<PosX>162</PosX>
		<PosY>775</PosY>
	</Icon>
	<Icon>
		<Name>mkWindowStairsEnemyIcon_10</Name>
		<PosX>162</PosX>
		<PosY>870</PosY>
	</Icon>
	<Icon>
		<Name>mkWindowStairsEnemyIcon_11</Name>
		<PosX>162</PosX>
		<PosY>965</PosY>
	</Icon>
	<Icon>
		<Name>mkWindowStairsEnemyIcon_12</Name>
		<PosX>162</PosX>
		<PosY>1060</PosY>
	</Icon>
	<Icon>
		<Name>mkWindowStairsEnemyIcon_13</Name>
		<PosX>162</PosX>
		<PosY>1155</PosY>
	</Icon>
	
	<UserIcon>
		<Name>mkWindowStairsUserIcon</Name>
		<PosX>90</PosX>
		<PosY>17</PosY>
	</UserIcon>
	<UserIcon>
		<Name>mkWindowStairsUserIcon</Name>
		<PosX>90</PosX>
		<PosY>112</PosY>
	</UserIcon>
	<UserIcon>
		<Name>mkWindowStairsUserIcon</Name>
		<PosX>90</PosX>
		<PosY>207</PosY>
	</UserIcon>
	<UserIcon>
		<Name>mkWindowStairsUserIcon</Name>
		<PosX>90</PosX>
		<PosY>302</PosY>
	</UserIcon>
	<UserIcon>
		<Name>mkWindowStairsUserIcon</Name>
		<PosX>90</PosX>
		<PosY>397</PosY>
	</UserIcon>
	<UserIcon>
		<Name>mkWindowStairsUserIcon</Name>
		<PosX>90</PosX>
		<PosY>492</PosY>
	</UserIcon>
	<UserIcon>
		<Name>mkWindowStairsUserIcon</Name>
		<PosX>90</PosX>
		<PosY>587</PosY>
	</UserIcon>
	<UserIcon>
		<Name>mkWindowStairsUserIcon</Name>
		<PosX>90</PosX>
		<PosY>682</PosY>
	</UserIcon>
	<UserIcon>
		<Name>mkWindowStairsUserIcon</Name>
		<PosX>90</PosX>
		<PosY>777</PosY>
	</UserIcon>
	<UserIcon>
		<Name>mkWindowStairsUserIcon</Name>
		<PosX>90</PosX>
		<PosY>872</PosY>
	</UserIcon>
	<UserIcon>
		<Name>mkWindowStairsUserIcon</Name>
		<PosX>90</PosX>
		<PosY>967</PosY>
	</UserIcon>
	<UserIcon>
		<Name>mkWindowStairsUserIcon</Name>
		<PosX>90</PosX>
		<PosY>1062</PosY>
	</UserIcon>
	<UserIcon>
		<Name>mkWindowStairsUserIcon</Name>
		<PosX>90</PosX>
		<PosY>1157</PosY>
	</UserIcon>
</Stairs>