<?xml version="1.0" encoding="UTF-8"?>
<TextureAtlas imagePath="sprites_kitana.png">
	<!--
	Created with ShoeBox
	http://renderhjs.net/shoebox/
	-->
	<SubTexture name="damage_left_to_right_01.png"	x="729"	y="264"	width="54"	height="129" frameX="-17" frameY="-11" frameWidth="71" frameHeight="140"/>
	<SubTexture name="damage_left_to_right_02.png"	x="424"	y="813"	width="64"	height="122" frameX="-7" frameY="-18" frameWidth="71" frameHeight="140"/>
	<SubTexture name="damage_left_to_right_03.png"	x="318"	y="0"	width="71"	height="107" frameX="-0" frameY="-32" frameWidth="71" frameHeight="140"/>
	<SubTexture name="damage_right_to_left_01.png"	x="745"	y="0"	width="54"	height="129" frameX="-0" frameY="-11" frameWidth="71" frameHeight="140"/>
	<SubTexture name="damage_right_to_left_02.png"	x="488"	y="645"	width="64"	height="122" frameX="-0" frameY="-18" frameWidth="71" frameHeight="140"/>
	<SubTexture name="damage_right_to_left_03.png"	x="315"	y="138"	width="71"	height="107" frameX="-0" frameY="-32" frameWidth="71" frameHeight="140"/>
	<SubTexture name="hit_1_left_to_right_01.png"	x="377"	y="246"	width="66"	height="127" frameX="-0" frameY="-13" frameWidth="140" frameHeight="140"/>
	<SubTexture name="hit_1_left_to_right_02.png"	x="783"	y="788"	width="51"	height="128" frameX="-35" frameY="-12" frameWidth="140" frameHeight="140"/>
	<SubTexture name="hit_1_left_to_right_03.png"	x="784"	y="520"	width="50"	height="122" frameX="-35" frameY="-12" frameWidth="140" frameHeight="140"/>
	<SubTexture name="hit_1_left_to_right_04.png"	x="552"	y="879"	width="60"	height="121" frameX="-36" frameY="-13" frameWidth="140" frameHeight="140"/>
	<SubTexture name="hit_1_left_to_right_05.png"	x="137"	y="338"	width="87"	height="114" frameX="-38" frameY="-20" frameWidth="140" frameHeight="140"/>
	<SubTexture name="hit_1_left_to_right_06.png"	x="0"	y="878"	width="97"	height="120" frameX="-34" frameY="-14" frameWidth="140" frameHeight="140"/>
	<SubTexture name="hit_1_right_to_left_01.png"	x="421"	y="685"	width="66"	height="127" frameX="-74" frameY="-13" frameWidth="140" frameHeight="140"/>
	<SubTexture name="hit_1_right_to_left_02.png"	x="784"	y="264"	width="51"	height="128" frameX="-54" frameY="-12" frameWidth="140" frameHeight="140"/>
	<SubTexture name="hit_1_right_to_left_03.png"	x="672"	y="763"	width="50"	height="122" frameX="-55" frameY="-12" frameWidth="140" frameHeight="140"/>
	<SubTexture name="hit_1_right_to_left_04.png"	x="553"	y="252"	width="60"	height="121" frameX="-44" frameY="-13" frameWidth="140" frameHeight="140"/>
	<SubTexture name="hit_1_right_to_left_05.png"	x="142"	y="169"	width="87"	height="114" frameX="-15" frameY="-20" frameWidth="140" frameHeight="140"/>
	<SubTexture name="hit_1_right_to_left_06.png"	x="0"	y="757"	width="97"	height="120" frameX="-9" frameY="-14" frameWidth="140" frameHeight="140"/>
	<SubTexture name="hit_2_left_to_right_01.png"	x="423"	y="374"	width="66"	height="127" frameX="-3" frameY="-18" frameWidth="105" frameHeight="145"/>
	<SubTexture name="hit_2_left_to_right_02.png"	x="194"	y="630"	width="84"	height="127" frameX="-2" frameY="-18" frameWidth="105" frameHeight="145"/>
	<SubTexture name="hit_2_left_to_right_03.png"	x="0"	y="507"	width="103"	height="124" frameX="-2" frameY="-21" frameWidth="105" frameHeight="145"/>
	<SubTexture name="hit_2_right_to_left_01.png"	x="387"	y="108"	width="66"	height="127" frameX="-36" frameY="-18" frameWidth="105" frameHeight="145"/>
	<SubTexture name="hit_2_right_to_left_02.png"	x="194"	y="758"	width="84"	height="127" frameX="-19" frameY="-18" frameWidth="105" frameHeight="145"/>
	<SubTexture name="hit_2_right_to_left_03.png"	x="0"	y="632"	width="103"	height="124" frameX="-0" frameY="-21" frameWidth="105" frameHeight="145"/>
	<SubTexture name="hit_3_left_to_right_01.png"	x="194"	y="886"	width="79"	height="126" frameX="-1" frameY="-14" frameWidth="80" frameHeight="140"/>
	<SubTexture name="hit_3_left_to_right_02.png"	x="631"	y="129"	width="56"	height="134" frameX="-2" frameY="-6" frameWidth="80" frameHeight="140"/>
	<SubTexture name="hit_3_left_to_right_03.png"	x="727"	y="763"	width="55"	height="133" frameX="-2" frameY="-7" frameWidth="80" frameHeight="140"/>
	<SubTexture name="hit_3_right_to_left_01.png"	x="225"	y="284"	width="79"	height="126" frameX="-0" frameY="-14" frameWidth="80" frameHeight="140"/>
	<SubTexture name="hit_3_right_to_left_02.png"	x="670"	y="888"	width="56"	height="134" frameX="-22" frameY="-6" frameWidth="80" frameHeight="140"/>
	<SubTexture name="hit_3_right_to_left_03.png"	x="728"	y="396"	width="55"	height="133" frameX="-23" frameY="-7" frameWidth="80" frameHeight="140"/>
	<SubTexture name="hit_4_left_to_right_01.png"	x="151"	y="81"	width="86"	height="80" frameX="-0" frameY="-70" frameWidth="115" frameHeight="150"/>
	<SubTexture name="hit_4_left_to_right_02.png"	x="489"	y="502"	width="63"	height="110" frameX="-25" frameY="-40" frameWidth="115" frameHeight="150"/>
	<SubTexture name="hit_4_left_to_right_03.png"	x="104"	y="507"	width="88"	height="117" frameX="-21" frameY="-33" frameWidth="115" frameHeight="150"/>
	<SubTexture name="hit_4_left_to_right_04.png"	x="98"	y="757"	width="95"	height="123" frameX="-20" frameY="-27" frameWidth="115" frameHeight="150"/>
	<SubTexture name="hit_4_left_to_right_05.png"	x="354"	y="836"	width="69"	height="145" frameX="-27" frameY="-5" frameWidth="115" frameHeight="150"/>
	<SubTexture name="hit_4_right_to_left_01.png"	x="151"	y="0"	width="86"	height="80" frameX="-29" frameY="-70" frameWidth="115" frameHeight="150"/>
	<SubTexture name="hit_4_right_to_left_02.png"	x="489"	y="768"	width="63"	height="110" frameX="-27" frameY="-40" frameWidth="115" frameHeight="150"/>
	<SubTexture name="hit_4_right_to_left_03.png"	x="104"	y="625"	width="88"	height="117" frameX="-6" frameY="-33" frameWidth="115" frameHeight="150"/>
	<SubTexture name="hit_4_right_to_left_04.png"	x="98"	y="881"	width="95"	height="123" frameX="-0" frameY="-27" frameWidth="115" frameHeight="150"/>
	<SubTexture name="hit_4_right_to_left_05.png"	x="351"	y="690"	width="69"	height="145" frameX="-19" frameY="-5" frameWidth="115" frameHeight="150"/>
	<SubTexture name="hit_5_left_to_right_01.png"	x="553"	y="374"	width="59"	height="126" frameX="-9" frameY="-14" frameWidth="140" frameHeight="140"/>
	<SubTexture name="hit_5_left_to_right_02.png"	x="553"	y="628"	width="58"	height="128" frameX="-12" frameY="-12" frameWidth="140" frameHeight="140"/>
	<SubTexture name="hit_5_left_to_right_03.png"	x="279"	y="690"	width="71"	height="125" frameX="-10" frameY="-15" frameWidth="140" frameHeight="140"/>
	<SubTexture name="hit_5_left_to_right_04.png"	x="238"	y="0"	width="79"	height="137" frameX="-50" frameY="-3" frameWidth="140" frameHeight="140"/>
	<SubTexture name="hit_5_left_to_right_05.png"	x="454"	y="0"	width="64"	height="129" frameX="-46" frameY="-11" frameWidth="140" frameHeight="140"/>
	<SubTexture name="hit_5_left_to_right_06.png"	x="836"	y="258"	width="34"	height="130" frameX="-47" frameY="-10" frameWidth="140" frameHeight="140"/>
	<SubTexture name="hit_5_left_to_right_07.png"	x="354"	y="398"	width="68"	height="128" frameX="-20" frameY="-12" frameWidth="140" frameHeight="140"/>
	<SubTexture name="hit_5_left_to_right_08.png"	x="490"	y="366"	width="62"	height="126" frameX="-20" frameY="-14" frameWidth="140" frameHeight="140"/>
	<SubTexture name="hit_5_right_to_left_01.png"	x="553"	y="501"	width="59"	height="126" frameX="-72" frameY="-14" frameWidth="140" frameHeight="140"/>
	<SubTexture name="hit_5_right_to_left_02.png"	x="572"	y="118"	width="58"	height="128" frameX="-70" frameY="-12" frameWidth="140" frameHeight="140"/>
	<SubTexture name="hit_5_right_to_left_03.png"	x="305"	y="272"	width="71"	height="125" frameX="-59" frameY="-15" frameWidth="140" frameHeight="140"/>
	<SubTexture name="hit_5_right_to_left_04.png"	x="274"	y="886"	width="79"	height="137" frameX="-11" frameY="-3" frameWidth="140" frameHeight="140"/>
	<SubTexture name="hit_5_right_to_left_05.png"	x="444"	y="236"	width="64"	height="129" frameX="-30" frameY="-11" frameWidth="140" frameHeight="140"/>
	<SubTexture name="hit_5_right_to_left_06.png"	x="835"	y="525"	width="34"	height="130" frameX="-59" frameY="-10" frameWidth="140" frameHeight="140"/>
	<SubTexture name="hit_5_right_to_left_07.png"	x="353"	y="556"	width="68"	height="128" frameX="-52" frameY="-12" frameWidth="140" frameHeight="140"/>
	<SubTexture name="hit_5_right_to_left_08.png"	x="489"	y="879"	width="62"	height="126" frameX="-58" frameY="-14" frameWidth="140" frameHeight="140"/>
	<SubTexture name="lost_01.png"	x="798"	y="130"	width="50"	height="127" frameX="-25" frameY="-13" frameWidth="100" frameHeight="140"/>
	<SubTexture name="lost_02.png"	x="835"	y="393"	width="50"	height="131" frameX="-24" frameY="-9" frameWidth="100" frameHeight="140"/>
	<SubTexture name="lost_03.png"	x="783"	y="657"	width="53"	height="130" frameX="-21" frameY="-10" frameWidth="100" frameHeight="140"/>
	<SubTexture name="lost_04.png"	x="509"	y="130"	width="62"	height="121" frameX="-12" frameY="-19" frameWidth="100" frameHeight="140"/>
	<SubTexture name="lost_05.png"	x="422"	y="527"	width="66"	height="117" frameX="-8" frameY="-23" frameWidth="100" frameHeight="140"/>
	<SubTexture name="lost_06.png"	x="553"	y="758"	width="47"	height="120" frameX="-27" frameY="-20" frameWidth="100" frameHeight="140"/>
	<SubTexture name="lost_07.png"	x="784"	y="393"	width="50"	height="126" frameX="-27" frameY="-14" frameWidth="100" frameHeight="140"/>
	<SubTexture name="stance_left_to_right_01.png"	x="612"	y="628"	width="58"	height="129" frameX="-9" frameY="-6" frameWidth="75" frameHeight="135"/>
	<SubTexture name="stance_left_to_right_02.png"	x="688"	y="0"	width="56"	height="131" frameX="-11" frameY="-4" frameWidth="75" frameHeight="135"/>
	<SubTexture name="stance_left_to_right_03.png"	x="743"	y="132"	width="54"	height="131" frameX="-13" frameY="-4" frameWidth="75" frameHeight="135"/>
	<SubTexture name="stance_left_to_right_04.png"	x="631"	y="0"	width="56"	height="128" frameX="-13" frameY="-7" frameWidth="75" frameHeight="135"/>
	<SubTexture name="stance_left_to_right_05.png"	x="727"	y="897"	width="54"	height="126" frameX="-13" frameY="-9" frameWidth="75" frameHeight="135"/>
	<SubTexture name="stance_left_to_right_06.png"	x="671"	y="507"	width="56"	height="126" frameX="-11" frameY="-9" frameWidth="75" frameHeight="135"/>
	<SubTexture name="stance_right_to_left_01.png"	x="613"	y="758"	width="58"	height="129" frameX="-8" frameY="-6" frameWidth="75" frameHeight="135"/>
	<SubTexture name="stance_right_to_left_02.png"	x="672"	y="264"	width="56"	height="131" frameX="-8" frameY="-4" frameWidth="75" frameHeight="135"/>
	<SubTexture name="stance_right_to_left_03.png"	x="688"	y="132"	width="54"	height="131" frameX="-8" frameY="-4" frameWidth="75" frameHeight="135"/>
	<SubTexture name="stance_right_to_left_04.png"	x="672"	y="634"	width="56"	height="128" frameX="-6" frameY="-7" frameWidth="75" frameHeight="135"/>
	<SubTexture name="stance_right_to_left_05.png"	x="729"	y="530"	width="54"	height="126" frameX="-8" frameY="-9" frameWidth="75" frameHeight="135"/>
	<SubTexture name="stance_right_to_left_06.png"	x="613"	y="888"	width="56"	height="126" frameX="-8" frameY="-9" frameWidth="75" frameHeight="135"/>
	<SubTexture name="victory_01.png"	x="613"	y="374"	width="58"	height="132" frameX="-65" frameY="-48" frameWidth="180" frameHeight="180"/>
	<SubTexture name="victory_02.png"	x="835"	y="788"	width="38"	height="133" frameX="-68" frameY="-47" frameWidth="180" frameHeight="180"/>
	<SubTexture name="victory_03.png"	x="279"	y="556"	width="73"	height="133" frameX="-49" frameY="-47" frameWidth="180" frameHeight="180"/>
	<SubTexture name="victory_04.png"	x="238"	y="138"	width="76"	height="133" frameX="-49" frameY="-47" frameWidth="180" frameHeight="180"/>
	<SubTexture name="victory_05.png"	x="193"	y="453"	width="84"	height="176" frameX="-44" frameY="-4" frameWidth="180" frameHeight="180"/>
	<SubTexture name="victory_06.png"	x="0"	y="338"	width="136"	height="168" frameX="-19" frameY="-12" frameWidth="180" frameHeight="180"/>
	<SubTexture name="victory_07.png"	x="0"	y="0"	width="150"	height="168" frameX="-5" frameY="-12" frameWidth="180" frameHeight="180"/>
	<SubTexture name="victory_08.png"	x="0"	y="169"	width="141"	height="168" frameX="-14" frameY="-12" frameWidth="180" frameHeight="180"/>
	<SubTexture name="victory_09.png"	x="278"	y="411"	width="75"	height="144" frameX="-70" frameY="-36" frameWidth="180" frameHeight="180"/>
	<SubTexture name="victory_10.png"	x="519"	y="0"	width="61"	height="117" frameX="-66" frameY="-63" frameWidth="180" frameHeight="180"/>
	<SubTexture name="victory_11.png"	x="390"	y="0"	width="57"	height="106" frameX="-65" frameY="-74" frameWidth="180" frameHeight="180"/>
	<SubTexture name="victory_12.png"	x="454"	y="130"	width="51"	height="95" frameX="-61" frameY="-84" frameWidth="180" frameHeight="180"/>
</TextureAtlas>