<?xml version="1.0" encoding="UTF-8"?>
<TextureAtlas imagePath="sprites_raiden.png">
	<!--
	Created with ShoeBox
	http://renderhjs.net/shoebox/
	-->
	<SubTexture name="damage_left_to_right_01.png"	x="532"	y="693"	width="67"	height="137" frameX="-7" frameY="-3" frameWidth="75" frameHeight="140"/>
	<SubTexture name="damage_left_to_right_02.png"	x="600"	y="700"	width="65"	height="136" frameX="-5" frameY="-4" frameWidth="75" frameHeight="140"/>
	<SubTexture name="damage_left_to_right_03.png"	x="534"	y="0"	width="67"	height="135" frameX="-0" frameY="-5" frameWidth="75" frameHeight="140"/>
	<SubTexture name="damage_right_to_left_01.png"	x="531"	y="280"	width="67"	height="137" frameX="-1" frameY="-3" frameWidth="75" frameHeight="140"/>
	<SubTexture name="damage_right_to_left_02.png"	x="600"	y="837"	width="65"	height="136" frameX="-5" frameY="-4" frameWidth="75" frameHeight="140"/>
	<SubTexture name="damage_right_to_left_03.png"	x="531"	y="557"	width="67"	height="135" frameX="-8" frameY="-5" frameWidth="75" frameHeight="140"/>
	<SubTexture name="hit_1_left_to_right_01.png"	x="600"	y="557"	width="65"	height="142" frameX="-12" frameY="-3" frameWidth="120" frameHeight="145"/>
	<SubTexture name="hit_1_left_to_right_02.png"	x="599"	y="275"	width="66"	height="140" frameX="-14" frameY="-4" frameWidth="120" frameHeight="145"/>
	<SubTexture name="hit_1_left_to_right_03.png"	x="531"	y="418"	width="67"	height="138" frameX="-12" frameY="-6" frameWidth="120" frameHeight="145"/>
	<SubTexture name="hit_1_left_to_right_04.png"	x="306"	y="558"	width="78"	height="135" frameX="-10" frameY="-9" frameWidth="120" frameHeight="145"/>
	<SubTexture name="hit_1_left_to_right_05.png"	x="210"	y="558"	width="93"	height="130" frameX="-8" frameY="-14" frameWidth="120" frameHeight="145"/>
	<SubTexture name="hit_1_left_to_right_06.png"	x="0"	y="171"	width="118"	height="127" frameX="-2" frameY="-17" frameWidth="120" frameHeight="145"/>
	<SubTexture name="hit_1_right_to_left_01.png"	x="602"	y="0"	width="65"	height="142" frameX="-43" frameY="-3" frameWidth="120" frameHeight="145"/>
	<SubTexture name="hit_1_right_to_left_02.png"	x="599"	y="416"	width="66"	height="140" frameX="-40" frameY="-4" frameWidth="120" frameHeight="145"/>
	<SubTexture name="hit_1_right_to_left_03.png"	x="534"	y="136"	width="67"	height="138" frameX="-41" frameY="-6" frameWidth="120" frameHeight="145"/>
	<SubTexture name="hit_1_right_to_left_04.png"	x="310"	y="306"	width="78"	height="135" frameX="-32" frameY="-9" frameWidth="120" frameHeight="145"/>
	<SubTexture name="hit_1_right_to_left_05.png"	x="212"	y="689"	width="93"	height="130" frameX="-19" frameY="-14" frameWidth="120" frameHeight="145"/>
	<SubTexture name="hit_1_right_to_left_06.png"	x="0"	y="299"	width="118"	height="127" frameX="-0" frameY="-17" frameWidth="120" frameHeight="145"/>
	<SubTexture name="hit_2_left_to_right_01.png"	x="794"	y="422"	width="58"	height="140" frameX="-8" frameY="-5" frameWidth="120" frameHeight="145"/>
	<SubTexture name="hit_2_left_to_right_02.png"	x="463"	y="140"	width="70"	height="139" frameX="-8" frameY="-6" frameWidth="120" frameHeight="145"/>
	<SubTexture name="hit_2_left_to_right_03.png"	x="119"	y="171"	width="102"	height="132" frameX="-0" frameY="-13" frameWidth="120" frameHeight="145"/>
	<SubTexture name="hit_2_right_to_left_01.png"	x="794"	y="563"	width="58"	height="140" frameX="-54" frameY="-5" frameWidth="120" frameHeight="145"/>
	<SubTexture name="hit_2_right_to_left_02.png"	x="463"	y="0"	width="70"	height="139" frameX="-42" frameY="-6" frameWidth="120" frameHeight="145"/>
	<SubTexture name="hit_2_right_to_left_03.png"	x="107"	y="551"	width="102"	height="132" frameX="-18" frameY="-13" frameWidth="120" frameHeight="145"/>
	<SubTexture name="hit_3_left_to_right_01.png"	x="389"	y="265"	width="73"	height="142" frameX="-7" frameY="-3" frameWidth="80" frameHeight="145"/>
	<SubTexture name="hit_3_left_to_right_02.png"	x="853"	y="422"	width="57"	height="139" frameX="-7" frameY="-6" frameWidth="80" frameHeight="145"/>
	<SubTexture name="hit_3_left_to_right_03.png"	x="731"	y="417"	width="62"	height="136" frameX="-1" frameY="-9" frameWidth="80" frameHeight="145"/>
	<SubTexture name="hit_3_right_to_left_01.png"	x="389"	y="815"	width="73"	height="142" frameX="-0" frameY="-3" frameWidth="80" frameHeight="145"/>
	<SubTexture name="hit_3_right_to_left_02.png"	x="853"	y="562"	width="57"	height="139" frameX="-16" frameY="-6" frameWidth="80" frameHeight="145"/>
	<SubTexture name="hit_3_right_to_left_03.png"	x="731"	y="280"	width="62"	height="136" frameX="-17" frameY="-9" frameWidth="80" frameHeight="145"/>
	<SubTexture name="hit_4_left_to_right_01.png"	x="310"	y="442"	width="62"	height="111" frameX="-15" frameY="-38" frameWidth="110" frameHeight="150"/>
	<SubTexture name="hit_4_left_to_right_02.png"	x="245"	y="0"	width="85"	height="119" frameX="-11" frameY="-30" frameWidth="110" frameHeight="150"/>
	<SubTexture name="hit_4_left_to_right_03.png"	x="210"	y="431"	width="99"	height="126" frameX="-9" frameY="-23" frameWidth="110" frameHeight="150"/>
	<SubTexture name="hit_4_left_to_right_04.png"	x="222"	y="156"	width="90"	height="149" frameX="-4" frameY="-1" frameWidth="110" frameHeight="150"/>
	<SubTexture name="hit_4_left_to_right_05.png"	x="390"	y="0"	width="72"	height="150" frameX="-8" frameY="-0" frameWidth="110" frameHeight="150"/>
	<SubTexture name="hit_4_right_to_left_01.png"	x="390"	y="151"	width="62"	height="111" frameX="-33" frameY="-38" frameWidth="110" frameHeight="150"/>
	<SubTexture name="hit_4_right_to_left_02.png"	x="303"	y="820"	width="85"	height="119" frameX="-14" frameY="-30" frameWidth="110" frameHeight="150"/>
	<SubTexture name="hit_4_right_to_left_03.png"	x="119"	y="304"	width="99"	height="126" frameX="-2" frameY="-23" frameWidth="110" frameHeight="150"/>
	<SubTexture name="hit_4_right_to_left_04.png"	x="212"	y="820"	width="90"	height="149" frameX="-16" frameY="-1" frameWidth="110" frameHeight="150"/>
	<SubTexture name="hit_4_right_to_left_05.png"	x="458"	y="577"	width="72"	height="150" frameX="-30" frameY="-0" frameWidth="110" frameHeight="150"/>
	<SubTexture name="hit_5_left_to_right_01.png"	x="463"	y="280"	width="62"	height="107" frameX="-0" frameY="-38" frameWidth="125" frameHeight="145"/>
	<SubTexture name="hit_5_left_to_right_02.png"	x="219"	y="306"	width="87"	height="106" frameX="-10" frameY="-39" frameWidth="125" frameHeight="145"/>
	<SubTexture name="hit_5_left_to_right_03.png"	x="0"	y="666"	width="106"	height="114" frameX="-12" frameY="-31" frameWidth="125" frameHeight="145"/>
	<SubTexture name="hit_5_left_to_right_04.png"	x="106"	y="781"	width="105"	height="138" frameX="-16" frameY="-7" frameWidth="125" frameHeight="145"/>
	<SubTexture name="hit_5_left_to_right_05.png"	x="382"	y="694"	width="75"	height="120" frameX="-20" frameY="-25" frameWidth="125" frameHeight="145"/>
	<SubTexture name="hit_5_left_to_right_06.png"	x="794"	y="704"	width="51"	height="125" frameX="-24" frameY="-20" frameWidth="125" frameHeight="145"/>
	<SubTexture name="hit_5_left_to_right_07.png"	x="463"	y="728"	width="68"	height="138" frameX="-16" frameY="-7" frameWidth="125" frameHeight="145"/>
	<SubTexture name="hit_5_right_to_left_01.png"	x="385"	y="577"	width="62"	height="107" frameX="-63" frameY="-38" frameWidth="125" frameHeight="145"/>
	<SubTexture name="hit_5_right_to_left_02.png"	x="109"	y="431"	width="87"	height="106" frameX="-28" frameY="-39" frameWidth="125" frameHeight="145"/>
	<SubTexture name="hit_5_right_to_left_03.png"	x="0"	y="551"	width="106"	height="114" frameX="-7" frameY="-31" frameWidth="125" frameHeight="145"/>
	<SubTexture name="hit_5_right_to_left_04.png"	x="0"	y="781"	width="105"	height="138" frameX="-4" frameY="-7" frameWidth="125" frameHeight="145"/>
	<SubTexture name="hit_5_right_to_left_05.png"	x="306"	y="694"	width="75"	height="120" frameX="-30" frameY="-25" frameWidth="125" frameHeight="145"/>
	<SubTexture name="hit_5_right_to_left_06.png"	x="846"	y="704"	width="51"	height="125" frameX="-50" frameY="-20" frameWidth="125" frameHeight="145"/>
	<SubTexture name="hit_5_right_to_left_07.png"	x="463"	y="867"	width="68"	height="138" frameX="-41" frameY="-7" frameWidth="125" frameHeight="145"/>
	<SubTexture name="lost_01.png"	x="795"	y="104"	width="58"	height="139" frameX="-22" frameY="-1" frameWidth="100" frameHeight="140"/>
	<SubTexture name="lost_02.png"	x="532"	y="831"	width="67"	height="137" frameX="-14" frameY="-3" frameWidth="100" frameHeight="140"/>
	<SubTexture name="lost_03.png"	x="385"	y="442"	width="73"	height="134" frameX="-7" frameY="-6" frameWidth="100" frameHeight="140"/>
	<SubTexture name="lost_04.png"	x="459"	y="408"	width="71"	height="132" frameX="-9" frameY="-8" frameWidth="100" frameHeight="140"/>
	<SubTexture name="lost_05.png"	x="731"	y="830"	width="61"	height="137" frameX="-19" frameY="-3" frameWidth="100" frameHeight="140"/>
	<SubTexture name="lost_06.png"	x="854"	y="0"	width="56"	height="139" frameX="-24" frameY="-1" frameWidth="100" frameHeight="140"/>
	<SubTexture name="lost_07.png"	x="732"	y="0"	width="60"	height="137" frameX="-24" frameY="-3" frameWidth="100" frameHeight="140"/>
	<SubTexture name="stance_left_to_right_01.png"	x="731"	y="554"	width="62"	height="137" frameX="-6" frameY="-8" frameWidth="75" frameHeight="145"/>
	<SubTexture name="stance_left_to_right_02.png"	x="668"	y="0"	width="63"	height="139" frameX="-5" frameY="-6" frameWidth="75" frameHeight="145"/>
	<SubTexture name="stance_left_to_right_03.png"	x="666"	y="708"	width="64"	height="140" frameX="-5" frameY="-5" frameWidth="75" frameHeight="145"/>
	<SubTexture name="stance_left_to_right_04.png"	x="666"	y="567"	width="64"	height="140" frameX="-6" frameY="-5" frameWidth="75" frameHeight="145"/>
	<SubTexture name="stance_left_to_right_05.png"	x="666"	y="849"	width="64"	height="141" frameX="-6" frameY="-4" frameWidth="75" frameHeight="145"/>
	<SubTexture name="stance_left_to_right_06.png"	x="793"	y="830"	width="61"	height="141" frameX="-7" frameY="-4" frameWidth="75" frameHeight="145"/>
	<SubTexture name="stance_left_to_right_07.png"	x="666"	y="849"	width="64"	height="141" frameX="-6" frameY="-4" frameWidth="75" frameHeight="145"/>
	<SubTexture name="stance_left_to_right_08.png"	x="666"	y="567"	width="64"	height="140" frameX="-6" frameY="-5" frameWidth="75" frameHeight="145"/>
	<SubTexture name="stance_left_to_right_09.png"	x="666"	y="708"	width="64"	height="140" frameX="-5" frameY="-5" frameWidth="75" frameHeight="145"/>
	<SubTexture name="stance_left_to_right_10.png"	x="668"	y="0"	width="63"	height="139" frameX="-5" frameY="-6" frameWidth="75" frameHeight="145"/>
	<SubTexture name="stance_right_to_left_01.png"	x="731"	y="692"	width="62"	height="137" frameX="-7" frameY="-8" frameWidth="75" frameHeight="145"/>
	<SubTexture name="stance_right_to_left_02.png"	x="731"	y="140"	width="63"	height="139" frameX="-7" frameY="-6" frameWidth="75" frameHeight="145"/>
	<SubTexture name="stance_right_to_left_03.png"	x="666"	y="284"	width="64"	height="140" frameX="-6" frameY="-5" frameWidth="75" frameHeight="145"/>
	<SubTexture name="stance_right_to_left_04.png"	x="666"	y="143"	width="64"	height="140" frameX="-5" frameY="-5" frameWidth="75" frameHeight="145"/>
	<SubTexture name="stance_right_to_left_05.png"	x="666"	y="425"	width="64"	height="141" frameX="-5" frameY="-4" frameWidth="75" frameHeight="145"/>
	<SubTexture name="stance_right_to_left_06.png"	x="794"	y="280"	width="61"	height="141" frameX="-7" frameY="-4" frameWidth="75" frameHeight="145"/>
	<SubTexture name="stance_right_to_left_07.png"	x="666"	y="425"	width="64"	height="141" frameX="-5" frameY="-4" frameWidth="75" frameHeight="145"/>
	<SubTexture name="stance_right_to_left_08.png"	x="666"	y="143"	width="64"	height="140" frameX="-5" frameY="-5" frameWidth="75" frameHeight="145"/>
	<SubTexture name="stance_right_to_left_09.png"	x="666"	y="284"	width="64"	height="140" frameX="-6" frameY="-5" frameWidth="75" frameHeight="145"/>
	<SubTexture name="stance_right_to_left_10.png"	x="731"	y="140"	width="63"	height="139" frameX="-7" frameY="-6" frameWidth="75" frameHeight="145"/>
	<SubTexture name="victory_01.png"	x="0"	y="427"	width="108"	height="123" frameX="-24" frameY="-47" frameWidth="145" frameHeight="170"/>
	<SubTexture name="victory_02.png"	x="0"	y="920"	width="100"	height="100" frameX="-19" frameY="-70" frameWidth="145" frameHeight="170"/>
	<SubTexture name="victory_03.png"	x="101"	y="920"	width="60"	height="84" frameX="-44" frameY="-86" frameWidth="145" frameHeight="170"/>
	<SubTexture name="victory_04.png"	x="793"	y="0"	width="60"	height="103" frameX="-44" frameY="-67" frameWidth="145" frameHeight="170"/>
	<SubTexture name="victory_05.png"	x="602"	y="143"	width="63"	height="123" frameX="-42" frameY="-47" frameWidth="145" frameHeight="170"/>
	<SubTexture name="victory_06.png"	x="313"	y="120"	width="76"	height="144" frameX="-35" frameY="-26" frameWidth="145" frameHeight="170"/>
	<SubTexture name="victory_07.png"	x="145"	y="0"	width="99"	height="155" frameX="-22" frameY="-15" frameWidth="145" frameHeight="170"/>
	<SubTexture name="victory_08.png"	x="0"	y="0"	width="144"	height="170" frameX="-1" frameY="-0" frameWidth="145" frameHeight="170"/>
	<SubTexture name="victory_09.png"	x="145"	y="0"	width="99"	height="155" frameX="-22" frameY="-15" frameWidth="145" frameHeight="170"/>
</TextureAtlas>