<?xml version="1.0" encoding="UTF-8"?>
<TextureAtlas imagePath="sprites_jax.png">
	<!--
	Created with ShoeBox
	http://renderhjs.net/shoebox/
	-->
	<SubTexture name="damage_left_to_right_01.png"	x="918"	y="0"	width="60"	height="141" frameX="-15" frameY="-4" frameWidth="75" frameHeight="145"/>
	<SubTexture name="damage_left_to_right_02.png"	x="857"	y="453"	width="61"	height="135" frameX="-14" frameY="-10" frameWidth="75" frameHeight="145"/>
	<SubTexture name="damage_left_to_right_03.png"	x="514"	y="431"	width="71"	height="130" frameX="-4" frameY="-15" frameWidth="75" frameHeight="145"/>
	<SubTexture name="damage_right_to_left_01.png"	x="916"	y="882"	width="60"	height="141" frameX="-0" frameY="-4" frameWidth="75" frameHeight="145"/>
	<SubTexture name="damage_right_to_left_02.png"	x="854"	y="882"	width="61"	height="135" frameX="-0" frameY="-10" frameWidth="75" frameHeight="145"/>
	<SubTexture name="damage_right_to_left_03.png"	x="512"	y="300"	width="71"	height="130" frameX="-0" frameY="-15" frameWidth="75" frameHeight="145"/>
	<SubTexture name="hit_1_left_to_right_01.png"	x="725"	y="320"	width="66"	height="145" frameX="-6" frameY="-5" frameWidth="160" frameHeight="150"/>
	<SubTexture name="hit_1_left_to_right_02.png"	x="589"	y="0"	width="69"	height="146" frameX="-19" frameY="-4" frameWidth="160" frameHeight="150"/>
	<SubTexture name="hit_1_left_to_right_03.png"	x="510"	y="152"	width="74"	height="147" frameX="-26" frameY="-3" frameWidth="160" frameHeight="150"/>
	<SubTexture name="hit_1_left_to_right_04.png"	x="430"	y="737"	width="82"	height="140" frameX="-22" frameY="-8" frameWidth="160" frameHeight="150"/>
	<SubTexture name="hit_1_left_to_right_05.png"	x="0"	y="386"	width="122"	height="135" frameX="-0" frameY="-13" frameWidth="160" frameHeight="150"/>
	<SubTexture name="hit_1_left_to_right_06.png"	x="0"	y="125"	width="158"	height="124" frameX="-0" frameY="-24" frameWidth="160" frameHeight="150"/>
	<SubTexture name="hit_1_right_to_left_01.png"	x="725"	y="466"	width="66"	height="145" frameX="-88" frameY="-5" frameWidth="160" frameHeight="150"/>
	<SubTexture name="hit_1_right_to_left_02.png"	x="655"	y="856"	width="69"	height="146" frameX="-72" frameY="-4" frameWidth="160" frameHeight="150"/>
	<SubTexture name="hit_1_right_to_left_03.png"	x="434"	y="0"	width="74"	height="147" frameX="-60" frameY="-3" frameWidth="160" frameHeight="150"/>
	<SubTexture name="hit_1_right_to_left_04.png"	x="430"	y="596"	width="82"	height="140" frameX="-56" frameY="-8" frameWidth="160" frameHeight="150"/>
	<SubTexture name="hit_1_right_to_left_05.png"	x="0"	y="250"	width="122"	height="135" frameX="-38" frameY="-13" frameWidth="160" frameHeight="150"/>
	<SubTexture name="hit_1_right_to_left_06.png"	x="0"	y="0"	width="158"	height="124" frameX="-2" frameY="-24" frameWidth="160" frameHeight="150"/>
	<SubTexture name="hit_2_left_to_right_01.png"	x="657"	y="287"	width="67"	height="141" frameX="-4" frameY="-4" frameWidth="120" frameHeight="145"/>
	<SubTexture name="hit_2_left_to_right_02.png"	x="339"	y="314"	width="88"	height="144" frameX="-4" frameY="-1" frameWidth="120" frameHeight="145"/>
	<SubTexture name="hit_2_left_to_right_03.png"	x="121"	y="672"	width="114"	height="139" frameX="-2" frameY="-6" frameWidth="120" frameHeight="145"/>
	<SubTexture name="hit_2_right_to_left_01.png"	x="657"	y="429"	width="67"	height="141" frameX="-49" frameY="-4" frameWidth="120" frameHeight="145"/>
	<SubTexture name="hit_2_right_to_left_02.png"	x="341"	y="459"	width="88"	height="144" frameX="-28" frameY="-1" frameWidth="120" frameHeight="145"/>
	<SubTexture name="hit_2_right_to_left_03.png"	x="121"	y="812"	width="114"	height="139" frameX="-4" frameY="-6" frameWidth="120" frameHeight="145"/>
	<SubTexture name="hit_3_left_to_right_01.png"	x="792"	y="312"	width="66"	height="140" frameX="-7" frameY="-5" frameWidth="75" frameHeight="145"/>
	<SubTexture name="hit_3_left_to_right_02.png"	x="792"	y="739"	width="62"	height="142" frameX="-7" frameY="-3" frameWidth="75" frameHeight="145"/>
	<SubTexture name="hit_3_left_to_right_03.png"	x="792"	y="594"	width="62"	height="144" frameX="-7" frameY="-1" frameWidth="75" frameHeight="145"/>
	<SubTexture name="hit_3_right_to_left_01.png"	x="725"	y="612"	width="66"	height="140" frameX="-2" frameY="-5" frameWidth="75" frameHeight="145"/>
	<SubTexture name="hit_3_right_to_left_02.png"	x="793"	y="0"	width="62"	height="142" frameX="-6" frameY="-3" frameWidth="75" frameHeight="145"/>
	<SubTexture name="hit_3_right_to_left_03.png"	x="855"	y="594"	width="62"	height="144" frameX="-6" frameY="-1" frameWidth="75" frameHeight="145"/>
	<SubTexture name="hit_4_left_to_right_01.png"	x="236"	y="921"	width="75"	height="96" frameX="-9" frameY="-59" frameWidth="130" frameHeight="155"/>
	<SubTexture name="hit_4_left_to_right_02.png"	x="123"	y="250"	width="112"	height="115" frameX="-5" frameY="-40" frameWidth="130" frameHeight="155"/>
	<SubTexture name="hit_4_left_to_right_03.png"	x="0"	y="805"	width="120"	height="132" frameX="-6" frameY="-23" frameWidth="130" frameHeight="155"/>
	<SubTexture name="hit_4_left_to_right_04.png"	x="236"	y="770"	width="98"	height="150" frameX="-9" frameY="-5" frameWidth="130" frameHeight="155"/>
	<SubTexture name="hit_4_left_to_right_05.png"	x="510"	y="0"	width="78"	height="151" frameX="-15" frameY="-4" frameWidth="130" frameHeight="155"/>
	<SubTexture name="hit_4_right_to_left_01.png"	x="159"	y="133"	width="75"	height="96" frameX="-46" frameY="-59" frameWidth="130" frameHeight="155"/>
	<SubTexture name="hit_4_right_to_left_02.png"	x="122"	y="522"	width="112"	height="115" frameX="-13" frameY="-40" frameWidth="130" frameHeight="155"/>
	<SubTexture name="hit_4_right_to_left_03.png"	x="0"	y="672"	width="120"	height="132" frameX="-4" frameY="-23" frameWidth="130" frameHeight="155"/>
	<SubTexture name="hit_4_right_to_left_04.png"	x="335"	y="0"	width="98"	height="150" frameX="-23" frameY="-5" frameWidth="130" frameHeight="155"/>
	<SubTexture name="hit_4_right_to_left_05.png"	x="431"	y="151"	width="78"	height="151" frameX="-37" frameY="-4" frameWidth="130" frameHeight="155"/>
	<SubTexture name="hit_5_left_to_right_01.png"	x="428"	y="314"	width="83"	height="140" frameX="-0" frameY="-5" frameWidth="125" frameHeight="145"/>
	<SubTexture name="hit_5_left_to_right_02.png"	x="586"	y="435"	width="70"	height="140" frameX="-16" frameY="-2" frameWidth="125" frameHeight="145"/>
	<SubTexture name="hit_5_left_to_right_03.png"	x="585"	y="152"	width="70"	height="141" frameX="-28" frameY="-1" frameWidth="125" frameHeight="145"/>
	<SubTexture name="hit_5_left_to_right_04.png"	x="335"	y="779"	width="94"	height="140" frameX="-21" frameY="-2" frameWidth="125" frameHeight="145"/>
	<SubTexture name="hit_5_left_to_right_05.png"	x="233"	y="366"	width="105"	height="135" frameX="-19" frameY="-7" frameWidth="125" frameHeight="145"/>
	<SubTexture name="hit_5_left_to_right_06.png"	x="123"	y="366"	width="109"	height="132" frameX="-16" frameY="-10" frameWidth="125" frameHeight="145"/>
	<SubTexture name="hit_5_left_to_right_07.png"	x="236"	y="133"	width="98"	height="131" frameX="-14" frameY="-11" frameWidth="125" frameHeight="145"/>
	<SubTexture name="hit_5_left_to_right_08.png"	x="430"	y="878"	width="76"	height="133" frameX="-11" frameY="-9" frameWidth="125" frameHeight="145"/>
	<SubTexture name="hit_5_right_to_left_01.png"	x="430"	y="455"	width="83"	height="140" frameX="-42" frameY="-5" frameWidth="125" frameHeight="145"/>
	<SubTexture name="hit_5_right_to_left_02.png"	x="586"	y="294"	width="70"	height="140" frameX="-39" frameY="-2" frameWidth="125" frameHeight="145"/>
	<SubTexture name="hit_5_right_to_left_03.png"	x="584"	y="754"	width="70"	height="141" frameX="-27" frameY="-1" frameWidth="125" frameHeight="145"/>
	<SubTexture name="hit_5_right_to_left_04.png"	x="335"	y="638"	width="94"	height="140" frameX="-10" frameY="-2" frameWidth="125" frameHeight="145"/>
	<SubTexture name="hit_5_right_to_left_05.png"	x="235"	y="502"	width="105"	height="135" frameX="-1" frameY="-7" frameWidth="125" frameHeight="145"/>
	<SubTexture name="hit_5_right_to_left_06.png"	x="159"	y="0"	width="109"	height="132" frameX="-0" frameY="-10" frameWidth="125" frameHeight="145"/>
	<SubTexture name="hit_5_right_to_left_07.png"	x="236"	y="638"	width="98"	height="131" frameX="-13" frameY="-11" frameWidth="125" frameHeight="145"/>
	<SubTexture name="hit_5_right_to_left_08.png"	x="507"	y="878"	width="76"	height="133" frameX="-38" frameY="-9" frameWidth="125" frameHeight="145"/>
	<SubTexture name="lost_01.png"	x="921"	y="142"	width="58"	height="131" frameX="-18" frameY="-9" frameWidth="100" frameHeight="140"/>
	<SubTexture name="lost_02.png"	x="725"	y="894"	width="55"	height="129" frameX="-21" frameY="-11" frameWidth="100" frameHeight="140"/>
	<SubTexture name="lost_03.png"	x="269"	y="0"	width="61"	height="131" frameX="-15" frameY="-9" frameWidth="100" frameHeight="140"/>
	<SubTexture name="lost_04.png"	x="919"	y="429"	width="59"	height="135" frameX="-18" frameY="-5" frameWidth="100" frameHeight="140"/>
	<SubTexture name="lost_05.png"	x="979"	y="274"	width="53"	height="135" frameX="-24" frameY="-5" frameWidth="100" frameHeight="140"/>
	<SubTexture name="lost_06.png"	x="921"	y="274"	width="57"	height="135" frameX="-24" frameY="-5" frameWidth="100" frameHeight="140"/>
	<SubTexture name="lost_07.png"	x="977"	y="877"	width="53"	height="132" frameX="-24" frameY="-8" frameWidth="100" frameHeight="140"/>
	<SubTexture name="stance_left_to_right_01.png"	x="856"	y="0"	width="61"	height="142" frameX="-10" frameY="-3" frameWidth="75" frameHeight="145"/>
	<SubTexture name="stance_left_to_right_02.png"	x="792"	y="453"	width="64"	height="140" frameX="-7" frameY="-5" frameWidth="75" frameHeight="145"/>
	<SubTexture name="stance_left_to_right_03.png"	x="656"	y="147"	width="68"	height="139" frameX="-3" frameY="-6" frameWidth="75" frameHeight="145"/>
	<SubTexture name="stance_left_to_right_04.png"	x="655"	y="716"	width="69"	height="139" frameX="-2" frameY="-6" frameWidth="75" frameHeight="145"/>
	<SubTexture name="stance_left_to_right_05.png"	x="725"	y="753"	width="66"	height="140" frameX="-5" frameY="-5" frameWidth="75" frameHeight="145"/>
	<SubTexture name="stance_left_to_right_06.png"	x="855"	y="739"	width="61"	height="142" frameX="-10" frameY="-3" frameWidth="75" frameHeight="145"/>
	<SubTexture name="stance_left_to_right_07.png"	x="918"	y="589"	width="60"	height="143" frameX="-11" frameY="-2" frameWidth="75" frameHeight="145"/>
	<SubTexture name="stance_right_to_left_01.png"	x="859"	y="143"	width="61"	height="142" frameX="-4" frameY="-3" frameWidth="75" frameHeight="145"/>
	<SubTexture name="stance_right_to_left_02.png"	x="659"	y="0"	width="64"	height="140" frameX="-4" frameY="-5" frameWidth="75" frameHeight="145"/>
	<SubTexture name="stance_right_to_left_03.png"	x="656"	y="576"	width="68"	height="139" frameX="-4" frameY="-6" frameWidth="75" frameHeight="145"/>
	<SubTexture name="stance_right_to_left_04.png"	x="586"	y="576"	width="69"	height="139" frameX="-4" frameY="-6" frameWidth="75" frameHeight="145"/>
	<SubTexture name="stance_right_to_left_05.png"	x="792"	y="171"	width="66"	height="140" frameX="-4" frameY="-5" frameWidth="75" frameHeight="145"/>
	<SubTexture name="stance_right_to_left_06.png"	x="859"	y="286"	width="61"	height="142" frameX="-4" frameY="-3" frameWidth="75" frameHeight="145"/>
	<SubTexture name="stance_right_to_left_07.png"	x="918"	y="733"	width="60"	height="143" frameX="-4" frameY="-2" frameWidth="75" frameHeight="145"/>
	<SubTexture name="victory_01.png"	x="792"	y="882"	width="61"	height="141" frameX="-32" frameY="-29" frameWidth="125" frameHeight="170"/>
	<SubTexture name="victory_02.png"	x="979"	y="410"	width="49"	height="145" frameX="-38" frameY="-25" frameWidth="125" frameHeight="170"/>
	<SubTexture name="victory_03.png"	x="725"	y="171"	width="66"	height="148" frameX="-29" frameY="-22" frameWidth="125" frameHeight="170"/>
	<SubTexture name="victory_04.png"	x="0"	y="522"	width="121"	height="149" frameX="-0" frameY="-21" frameWidth="125" frameHeight="170"/>
	<SubTexture name="victory_05.png"	x="335"	y="151"	width="95"	height="162" frameX="-12" frameY="-8" frameWidth="125" frameHeight="170"/>
	<SubTexture name="victory_06.png"	x="725"	y="0"	width="67"	height="170" frameX="-27" frameY="-0" frameWidth="125" frameHeight="170"/>
	<SubTexture name="victory_07.png"	x="513"	y="596"	width="72"	height="157" frameX="-25" frameY="-13" frameWidth="125" frameHeight="170"/>
</TextureAtlas>