<?xml version="1.0" encoding="UTF-8"?>
<TextureAtlas imagePath="sprites_level_textures.png">
	<!--
	Created with ShoeBox
	http://renderhjs.net/shoebox/
	-->
	<SubTexture name="border_screen.png"	x="0"	y="0"	width="800"	height="600" frameX="-0" frameY="-0" frameWidth="800" frameHeight="600"/>
	<SubTexture name="button.png"	x="382"	y="1876"	width="166"	height="59" frameX="-4" frameY="-1" frameWidth="170" frameHeight="60"/>
	<SubTexture name="hit_1.png"	x="382"	y="1936"	width="80"	height="80" frameX="-0" frameY="-0" frameWidth="80" frameHeight="80"/>
	<SubTexture name="hit_2.png"	x="625"	y="1957"	width="78"	height="76" frameX="-1" frameY="-2" frameWidth="80" frameHeight="80"/>
	<SubTexture name="hit_3.png"	x="625"	y="1876"	width="80"	height="80" frameX="-0" frameY="-0" frameWidth="80" frameHeight="80"/>
	<SubTexture name="hit_4.png"	x="544"	y="1936"	width="80"	height="80" frameX="-0" frameY="-0" frameWidth="80" frameHeight="80"/>
	<SubTexture name="hit_5.png"	x="463"	y="1936"	width="80"	height="80" frameX="-0" frameY="-0" frameWidth="80" frameHeight="80"/>
	<SubTexture name="information.png"	x="549"	y="1876"	width="32"	height="32" frameX="-0" frameY="-0" frameWidth="32" frameHeight="32"/>
	<SubTexture name="level_1.png"	x="401"	y="601"	width="400"	height="254" frameX="-0" frameY="-0" frameWidth="400" frameHeight="254"/>
	<SubTexture name="level_10.png"	x="401"	y="856"	width="400"	height="254" frameX="-0" frameY="-0" frameWidth="400" frameHeight="254"/>
	<SubTexture name="level_11.png"	x="802"	y="764"	width="395"	height="253" frameX="-0" frameY="-0" frameWidth="395" frameHeight="253"/>
	<SubTexture name="level_12.png"	x="802"	y="510"	width="395"	height="253" frameX="-0" frameY="-0" frameWidth="395" frameHeight="253"/>
	<SubTexture name="level_13.png"	x="802"	y="1018"	width="395"	height="253" frameX="-0" frameY="-0" frameWidth="395" frameHeight="253"/>
	<SubTexture name="level_2.png"	x="801"	y="255"	width="400"	height="254" frameX="-0" frameY="-0" frameWidth="400" frameHeight="254"/>
	<SubTexture name="level_3.png"	x="401"	y="1621"	width="400"	height="254" frameX="-0" frameY="-0" frameWidth="400" frameHeight="254"/>
	<SubTexture name="level_4.png"	x="801"	y="0"	width="400"	height="254" frameX="-0" frameY="-0" frameWidth="400" frameHeight="254"/>
	<SubTexture name="level_5.png"	x="0"	y="1111"	width="400"	height="254" frameX="-0" frameY="-0" frameWidth="400" frameHeight="254"/>
	<SubTexture name="level_6.png"	x="0"	y="1621"	width="400"	height="254" frameX="-0" frameY="-0" frameWidth="400" frameHeight="254"/>
	<SubTexture name="level_7.png"	x="0"	y="856"	width="400"	height="254" frameX="-0" frameY="-0" frameWidth="400" frameHeight="254"/>
	<SubTexture name="level_8.png"	x="401"	y="1366"	width="400"	height="254" frameX="-0" frameY="-0" frameWidth="400" frameHeight="254"/>
	<SubTexture name="level_9.png"	x="401"	y="1111"	width="400"	height="254" frameX="-0" frameY="-0" frameWidth="400" frameHeight="254"/>
	<SubTexture name="lifebar.png"	x="0"	y="1876"	width="206"	height="16" frameX="-0" frameY="-0" frameWidth="206" frameHeight="16"/>
	<SubTexture name="music.png"	x="704"	y="1957"	width="29"	height="31" frameX="-2" frameY="-0" frameWidth="32" frameHeight="32"/>
	<SubTexture name="music_off.png"	x="582"	y="1876"	width="29"	height="31" frameX="-2" frameY="-0" frameWidth="32" frameHeight="32"/>
	<SubTexture name="settings_background.png"	x="191"	y="1893"	width="190"	height="147" frameX="-0" frameY="-0" frameWidth="190" frameHeight="147"/>
	<SubTexture name="settings_border.png"	x="0"	y="1893"	width="190"	height="147" frameX="-0" frameY="-0" frameWidth="190" frameHeight="147"/>
	<SubTexture name="sound.png"	x="382"	y="2017"	width="32"	height="30" frameX="-0" frameY="-1" frameWidth="32" frameHeight="32"/>
	<SubTexture name="sound_off.png"	x="415"	y="2017"	width="28"	height="30" frameX="-2" frameY="-1" frameWidth="32" frameHeight="32"/>
	<SubTexture name="window_background.png"	x="0"	y="601"	width="400"	height="254" frameX="-0" frameY="-0" frameWidth="400" frameHeight="254"/>
	<SubTexture name="window_border.png"	x="0"	y="1366"	width="400"	height="254" frameX="-0" frameY="-0" frameWidth="400" frameHeight="254"/>
</TextureAtlas>