<?xml version="1.0" encoding="UTF-8"?>
<TextureAtlas imagePath="sprites_kunglao.png">
	<!--
	Created with ShoeBox
	http://renderhjs.net/shoebox/
	-->
	<SubTexture name="damage_left_to_right_01.png"	x="387"	y="267"	width="73"	height="139" frameX="-12" frameY="-1" frameWidth="85" frameHeight="140"/>
	<SubTexture name="damage_left_to_right_02.png"	x="381"	y="0"	width="79"	height="140" frameX="-6" frameY="-0" frameWidth="85" frameHeight="140"/>
	<SubTexture name="damage_left_to_right_03.png"	x="303"	y="822"	width="81"	height="134" frameX="-4" frameY="-6" frameWidth="85" frameHeight="140"/>
	<SubTexture name="damage_right_to_left_01.png"	x="387"	y="568"	width="73"	height="139" frameX="-0" frameY="-1" frameWidth="85" frameHeight="140"/>
	<SubTexture name="damage_right_to_left_02.png"	x="307"	y="370"	width="79"	height="140" frameX="-0" frameY="-0" frameWidth="85" frameHeight="140"/>
	<SubTexture name="damage_right_to_left_03.png"	x="305"	y="536"	width="81"	height="134" frameX="-0" frameY="-6" frameWidth="85" frameHeight="140"/>
	<SubTexture name="hit_1_left_to_right_01.png"	x="739"	y="807"	width="65"	height="137" frameX="-14" frameY="-3" frameWidth="140" frameHeight="140"/>
	<SubTexture name="hit_1_left_to_right_02.png"	x="671"	y="706"	width="67"	height="135" frameX="-11" frameY="-5" frameWidth="140" frameHeight="140"/>
	<SubTexture name="hit_1_left_to_right_03.png"	x="672"	y="0"	width="66"	height="126" frameX="-9" frameY="-8" frameWidth="140" frameHeight="140"/>
	<SubTexture name="hit_1_left_to_right_04.png"	x="300"	y="0"	width="80"	height="123" frameX="-7" frameY="-11" frameWidth="140" frameHeight="140"/>
	<SubTexture name="hit_1_left_to_right_05.png"	x="113"	y="371"	width="100"	height="118" frameX="-6" frameY="-16" frameWidth="140" frameHeight="140"/>
	<SubTexture name="hit_1_left_to_right_06.png"	x="0"	y="0"	width="118"	height="125" frameX="-6" frameY="-8" frameWidth="140" frameHeight="140"/>
	<SubTexture name="hit_1_right_to_left_01.png"	x="805"	y="405"	width="65"	height="137" frameX="-61" frameY="-3" frameWidth="140" frameHeight="140"/>
	<SubTexture name="hit_1_right_to_left_02.png"	x="603"	y="421"	width="67"	height="135" frameX="-62" frameY="-5" frameWidth="140" frameHeight="140"/>
	<SubTexture name="hit_1_right_to_left_03.png"	x="672"	y="531"	width="66"	height="126" frameX="-65" frameY="-8" frameWidth="140" frameHeight="140"/>
	<SubTexture name="hit_1_right_to_left_04.png"	x="219"	y="0"	width="80"	height="123" frameX="-53" frameY="-11" frameWidth="140" frameHeight="140"/>
	<SubTexture name="hit_1_right_to_left_05.png"	x="113"	y="252"	width="100"	height="118" frameX="-34" frameY="-16" frameWidth="140" frameHeight="140"/>
	<SubTexture name="hit_1_right_to_left_06.png"	x="0"	y="126"	width="118"	height="125" frameX="-16" frameY="-8" frameWidth="140" frameHeight="140"/>
	<SubTexture name="hit_2_left_to_right_01.png"	x="602"	y="706"	width="68"	height="140" frameX="-5" frameY="-5" frameWidth="110" frameHeight="145"/>
	<SubTexture name="hit_2_left_to_right_02.png"	x="216"	y="536"	width="88"	height="142" frameX="-1" frameY="-3" frameWidth="110" frameHeight="145"/>
	<SubTexture name="hit_2_left_to_right_03.png"	x="0"	y="663"	width="109"	height="142" frameX="-1" frameY="-3" frameWidth="110" frameHeight="145"/>
	<SubTexture name="hit_2_right_to_left_01.png"	x="602"	y="847"	width="68"	height="140" frameX="-37" frameY="-5" frameWidth="110" frameHeight="145"/>
	<SubTexture name="hit_2_right_to_left_02.png"	x="216"	y="679"	width="88"	height="142" frameX="-21" frameY="-3" frameWidth="110" frameHeight="145"/>
	<SubTexture name="hit_2_right_to_left_03.png"	x="0"	y="520"	width="109"	height="142" frameX="-0" frameY="-3" frameWidth="110" frameHeight="145"/>
	<SubTexture name="hit_3_left_to_right_01.png"	x="805"	y="681"	width="63"	height="140" frameX="-8" frameY="-0" frameWidth="75" frameHeight="140"/>
	<SubTexture name="hit_3_left_to_right_02.png"	x="805"	y="543"	width="63"	height="137" frameX="-8" frameY="-3" frameWidth="75" frameHeight="140"/>
	<SubTexture name="hit_3_left_to_right_03.png"	x="461"	y="566"	width="71"	height="137" frameX="-0" frameY="-3" frameWidth="75" frameHeight="140"/>
	<SubTexture name="hit_3_right_to_left_01.png"	x="806"	y="0"	width="63"	height="140" frameX="-4" frameY="-0" frameWidth="75" frameHeight="140"/>
	<SubTexture name="hit_3_right_to_left_02.png"	x="805"	y="822"	width="63"	height="137" frameX="-4" frameY="-3" frameWidth="75" frameHeight="140"/>
	<SubTexture name="hit_3_right_to_left_03.png"	x="461"	y="428"	width="71"	height="137" frameX="-4" frameY="-3" frameWidth="75" frameHeight="140"/>
	<SubTexture name="hit_4_left_to_right_01.png"	x="385"	y="913"	width="67"	height="98" frameX="-24" frameY="-62" frameWidth="150" frameHeight="160"/>
	<SubTexture name="hit_4_left_to_right_02.png"	x="462"	y="141"	width="67"	height="114" frameX="-25" frameY="-46" frameWidth="150" frameHeight="160"/>
	<SubTexture name="hit_4_left_to_right_03.png"	x="110"	y="647"	width="105"	height="126" frameX="-21" frameY="-34" frameWidth="150" frameHeight="160"/>
	<SubTexture name="hit_4_left_to_right_04.png"	x="0"	y="386"	width="112"	height="133" frameX="-18" frameY="-27" frameWidth="150" frameHeight="160"/>
	<SubTexture name="hit_4_left_to_right_05.png"	x="387"	y="407"	width="73"	height="160" frameX="-17" frameY="-0" frameWidth="150" frameHeight="160"/>
	<SubTexture name="hit_4_right_to_left_01.png"	x="314"	y="141"	width="67"	height="98" frameX="-59" frameY="-62" frameWidth="150" frameHeight="160"/>
	<SubTexture name="hit_4_right_to_left_02.png"	x="605"	y="140"	width="67"	height="114" frameX="-58" frameY="-46" frameWidth="150" frameHeight="160"/>
	<SubTexture name="hit_4_right_to_left_03.png"	x="110"	y="520"	width="105"	height="126" frameX="-24" frameY="-34" frameWidth="150" frameHeight="160"/>
	<SubTexture name="hit_4_right_to_left_04.png"	x="0"	y="252"	width="112"	height="133" frameX="-20" frameY="-27" frameWidth="150" frameHeight="160"/>
	<SubTexture name="hit_4_right_to_left_05.png"	x="461"	y="267"	width="73"	height="160" frameX="-60" frameY="-0" frameWidth="150" frameHeight="160"/>
	<SubTexture name="hit_5_left_to_right_01.png"	x="673"	y="265"	width="62"	height="116" frameX="-21" frameY="-24" frameWidth="140" frameHeight="140"/>
	<SubTexture name="hit_5_left_to_right_02.png"	x="385"	y="787"	width="75"	height="125" frameX="-27" frameY="-15" frameWidth="140" frameHeight="140"/>
	<SubTexture name="hit_5_left_to_right_03.png"	x="108"	y="806"	width="107"	height="133" frameX="-33" frameY="-7" frameWidth="140" frameHeight="140"/>
	<SubTexture name="hit_5_left_to_right_04.png"	x="119"	y="127"	width="86"	height="119" frameX="-26" frameY="-21" frameWidth="140" frameHeight="140"/>
	<SubTexture name="hit_5_left_to_right_05.png"	x="305"	y="671"	width="80"	height="115" frameX="-20" frameY="-25" frameWidth="140" frameHeight="140"/>
	<SubTexture name="hit_5_left_to_right_06.png"	x="119"	y="0"	width="99"	height="126" frameX="-0" frameY="-14" frameWidth="140" frameHeight="140"/>
	<SubTexture name="hit_5_left_to_right_07.png"	x="214"	y="254"	width="90"	height="140" frameX="-7" frameY="-0" frameWidth="140" frameHeight="140"/>
	<SubTexture name="hit_5_right_to_left_01.png"	x="806"	y="141"	width="62"	height="116" frameX="-57" frameY="-24" frameWidth="140" frameHeight="140"/>
	<SubTexture name="hit_5_right_to_left_02.png"	x="386"	y="141"	width="75"	height="125" frameX="-38" frameY="-15" frameWidth="140" frameHeight="140"/>
	<SubTexture name="hit_5_right_to_left_03.png"	x="0"	y="806"	width="107"	height="133" frameX="-0" frameY="-7" frameWidth="140" frameHeight="140"/>
	<SubTexture name="hit_5_right_to_left_04.png"	x="216"	y="822"	width="86"	height="119" frameX="-28" frameY="-21" frameWidth="140" frameHeight="140"/>
	<SubTexture name="hit_5_right_to_left_05.png"	x="305"	y="254"	width="80"	height="115" frameX="-40" frameY="-25" frameWidth="140" frameHeight="140"/>
	<SubTexture name="hit_5_right_to_left_06.png"	x="214"	y="127"	width="99"	height="126" frameX="-41" frameY="-14" frameWidth="140" frameHeight="140"/>
	<SubTexture name="hit_5_right_to_left_07.png"	x="216"	y="395"	width="90"	height="140" frameX="-43" frameY="-0" frameWidth="140" frameHeight="140"/>
	<SubTexture name="lost_01.png"	x="805"	y="265"	width="65"	height="139" frameX="-23" frameY="-11" frameWidth="100" frameHeight="150"/>
	<SubTexture name="lost_02.png"	x="602"	y="568"	width="69"	height="137" frameX="-23" frameY="-13" frameWidth="100" frameHeight="150"/>
	<SubTexture name="lost_03.png"	x="871"	y="142"	width="62"	height="140" frameX="-23" frameY="-10" frameWidth="100" frameHeight="150"/>
	<SubTexture name="lost_04.png"	x="870"	y="0"	width="62"	height="141" frameX="-23" frameY="-9" frameWidth="100" frameHeight="150"/>
	<SubTexture name="lost_05.png"	x="869"	y="832"	width="62"	height="146" frameX="-23" frameY="-4" frameWidth="100" frameHeight="150"/>
	<SubTexture name="lost_06.png"	x="869"	y="686"	width="62"	height="145" frameX="-23" frameY="-5" frameWidth="100" frameHeight="150"/>
	<SubTexture name="lost_07.png"	x="869"	y="543"	width="62"	height="142" frameX="-23" frameY="-8" frameWidth="100" frameHeight="150"/>
	<SubTexture name="stance_left_to_right_01.png"	x="461"	y="845"	width="70"	height="140" frameX="-0" frameY="-0" frameWidth="75" frameHeight="140"/>
	<SubTexture name="stance_left_to_right_02.png"	x="532"	y="704"	width="69"	height="139" frameX="-1" frameY="-1" frameWidth="75" frameHeight="140"/>
	<SubTexture name="stance_left_to_right_03.png"	x="671"	y="393"	width="66"	height="137" frameX="-4" frameY="-3" frameWidth="75" frameHeight="140"/>
	<SubTexture name="stance_left_to_right_04.png"	x="738"	y="265"	width="65"	height="135" frameX="-5" frameY="-5" frameWidth="75" frameHeight="140"/>
	<SubTexture name="stance_left_to_right_05.png"	x="739"	y="537"	width="65"	height="135" frameX="-5" frameY="-5" frameWidth="75" frameHeight="140"/>
	<SubTexture name="stance_left_to_right_06.png"	x="605"	y="255"	width="67"	height="137" frameX="-3" frameY="-3" frameWidth="75" frameHeight="140"/>
	<SubTexture name="stance_left_to_right_07.png"	x="535"	y="281"	width="69"	height="139" frameX="-1" frameY="-1" frameWidth="75" frameHeight="140"/>
	<SubTexture name="stance_left_to_right_08.png"	x="461"	y="0"	width="70"	height="140" frameX="-0" frameY="-0" frameWidth="75" frameHeight="140"/>
	<SubTexture name="stance_right_to_left_01.png"	x="461"	y="704"	width="70"	height="140" frameX="-5" frameY="-0" frameWidth="75" frameHeight="140"/>
	<SubTexture name="stance_right_to_left_02.png"	x="533"	y="428"	width="69"	height="139" frameX="-5" frameY="-1" frameWidth="75" frameHeight="140"/>
	<SubTexture name="stance_right_to_left_03.png"	x="673"	y="127"	width="66"	height="137" frameX="-5" frameY="-3" frameWidth="75" frameHeight="140"/>
	<SubTexture name="stance_right_to_left_04.png"	x="739"	y="401"	width="65"	height="135" frameX="-5" frameY="-5" frameWidth="75" frameHeight="140"/>
	<SubTexture name="stance_right_to_left_05.png"	x="740"	y="0"	width="65"	height="135" frameX="-5" frameY="-5" frameWidth="75" frameHeight="140"/>
	<SubTexture name="stance_right_to_left_06.png"	x="671"	y="842"	width="67"	height="137" frameX="-5" frameY="-3" frameWidth="75" frameHeight="140"/>
	<SubTexture name="stance_right_to_left_07.png"	x="535"	y="141"	width="69"	height="139" frameX="-5" frameY="-1" frameWidth="75" frameHeight="140"/>
	<SubTexture name="stance_right_to_left_08.png"	x="532"	y="0"	width="70"	height="140" frameX="-5" frameY="-0" frameWidth="75" frameHeight="140"/>
	<SubTexture name="victory_01.png"	x="932"	y="283"	width="60"	height="137" frameX="-13" frameY="-7" frameWidth="75" frameHeight="145"/>
	<SubTexture name="victory_02.png"	x="932"	y="421"	width="59"	height="132" frameX="-14" frameY="-12" frameWidth="75" frameHeight="145"/>
	<SubTexture name="victory_03.png"	x="533"	y="568"	width="68"	height="116" frameX="-7" frameY="-28" frameWidth="75" frameHeight="145"/>
	<SubTexture name="victory_04.png"	x="740"	y="136"	width="65"	height="128" frameX="-8" frameY="-16" frameWidth="75" frameHeight="145"/>
	<SubTexture name="victory_05.png"	x="739"	y="673"	width="65"	height="133" frameX="-8" frameY="-10" frameWidth="75" frameHeight="145"/>
	<SubTexture name="victory_06.png"	x="603"	y="0"	width="68"	height="139" frameX="-5" frameY="-6" frameWidth="75" frameHeight="145"/>
	<SubTexture name="victory_07.png"	x="532"	y="844"	width="69"	height="142" frameX="-4" frameY="-3" frameWidth="75" frameHeight="145"/>
	<SubTexture name="victory_08.png"	x="871"	y="283"	width="60"	height="144" frameX="-14" frameY="-1" frameWidth="75" frameHeight="145"/>
</TextureAtlas>