<?xml version="1.0" encoding="UTF-8"?>
<TextureAtlas imagePath="sprites_subzero.png">
	<!--
	Created with ShoeBox
	http://renderhjs.net/shoebox/
	-->
	<SubTexture name="damage_left_to_right_01.png"	x="366"	y="415"	width="69"	height="136" frameX="-11" frameY="-4" frameWidth="80" frameHeight="140"/>
	<SubTexture name="damage_left_to_right_02.png"	x="292"	y="0"	width="74"	height="130" frameX="-6" frameY="-10" frameWidth="80" frameHeight="140"/>
	<SubTexture name="damage_left_to_right_03.png"	x="213"	y="132"	width="79"	height="125" frameX="-1" frameY="-15" frameWidth="80" frameHeight="140"/>
	<SubTexture name="damage_right_to_left_01.png"	x="296"	y="647"	width="69"	height="136" frameX="-0" frameY="-4" frameWidth="80" frameHeight="140"/>
	<SubTexture name="damage_right_to_left_02.png"	x="290"	y="812"	width="74"	height="130" frameX="-0" frameY="-10" frameWidth="80" frameHeight="140"/>
	<SubTexture name="damage_right_to_left_03.png"	x="213"	y="258"	width="79"	height="125" frameX="-0" frameY="-15" frameWidth="80" frameHeight="140"/>
	<SubTexture name="hit_1_left_to_right_01.png"	x="502"	y="0"	width="62"	height="141" frameX="-0" frameY="-4" frameWidth="140" frameHeight="145"/>
	<SubTexture name="hit_1_left_to_right_02.png"	x="435"	y="835"	width="66"	height="142" frameX="-12" frameY="-3" frameWidth="140" frameHeight="145"/>
	<SubTexture name="hit_1_left_to_right_03.png"	x="293"	y="270"	width="72"	height="138" frameX="-13" frameY="-7" frameWidth="140" frameHeight="145"/>
	<SubTexture name="hit_1_left_to_right_04.png"	x="367"	y="0"	width="63"	height="125" frameX="-21" frameY="-12" frameWidth="140" frameHeight="145"/>
	<SubTexture name="hit_1_left_to_right_05.png"	x="118"	y="252"	width="94"	height="115" frameX="-18" frameY="-22" frameWidth="140" frameHeight="145"/>
	<SubTexture name="hit_1_left_to_right_06.png"	x="0"	y="0"	width="119"	height="125" frameX="-15" frameY="-12" frameWidth="140" frameHeight="145"/>
	<SubTexture name="hit_1_right_to_left_01.png"	x="566"	y="258"	width="62"	height="141" frameX="-78" frameY="-4" frameWidth="140" frameHeight="145"/>
	<SubTexture name="hit_1_right_to_left_02.png"	x="435"	y="692"	width="66"	height="142" frameX="-62" frameY="-3" frameWidth="140" frameHeight="145"/>
	<SubTexture name="hit_1_right_to_left_03.png"	x="293"	y="131"	width="72"	height="138" frameX="-55" frameY="-7" frameWidth="140" frameHeight="145"/>
	<SubTexture name="hit_1_right_to_left_04.png"	x="502"	y="810"	width="63"	height="125" frameX="-56" frameY="-12" frameWidth="140" frameHeight="145"/>
	<SubTexture name="hit_1_right_to_left_05.png"	x="118"	y="368"	width="94"	height="115" frameX="-28" frameY="-22" frameWidth="140" frameHeight="145"/>
	<SubTexture name="hit_1_right_to_left_06.png"	x="0"	y="126"	width="119"	height="125" frameX="-6" frameY="-12" frameWidth="140" frameHeight="145"/>
	<SubTexture name="hit_2_left_to_right_01.png"	x="689"	y="157"	width="58"	height="139" frameX="-3" frameY="-6" frameWidth="105" frameHeight="145"/>
	<SubTexture name="hit_2_left_to_right_02.png"	x="366"	y="273"	width="69"	height="141" frameX="-3" frameY="-4" frameWidth="105" frameHeight="145"/>
	<SubTexture name="hit_2_left_to_right_03.png"	x="104"	y="782"	width="103"	height="139" frameX="-1" frameY="-6" frameWidth="105" frameHeight="145"/>
	<SubTexture name="hit_2_right_to_left_01.png"	x="689"	y="811"	width="58"	height="139" frameX="-44" frameY="-6" frameWidth="105" frameHeight="145"/>
	<SubTexture name="hit_2_right_to_left_02.png"	x="366"	y="131"	width="69"	height="141" frameX="-33" frameY="-4" frameWidth="105" frameHeight="145"/>
	<SubTexture name="hit_2_right_to_left_03.png"	x="0"	y="782"	width="103"	height="139" frameX="-1" frameY="-6" frameWidth="105" frameHeight="145"/>
	<SubTexture name="hit_3_left_to_right_01.png"	x="366"	y="552"	width="67"	height="139" frameX="-6" frameY="-1" frameWidth="75" frameHeight="140"/>
	<SubTexture name="hit_3_left_to_right_02.png"	x="566"	y="817"	width="61"	height="139" frameX="-6" frameY="-1" frameWidth="75" frameHeight="140"/>
	<SubTexture name="hit_3_left_to_right_03.png"	x="628"	y="400"	width="61"	height="140" frameX="-4" frameY="-0" frameWidth="75" frameHeight="140"/>
	<SubTexture name="hit_3_right_to_left_01.png"	x="434"	y="552"	width="67"	height="139" frameX="-2" frameY="-1" frameWidth="75" frameHeight="140"/>
	<SubTexture name="hit_3_right_to_left_02.png"	x="566"	y="677"	width="61"	height="139" frameX="-8" frameY="-1" frameWidth="75" frameHeight="140"/>
	<SubTexture name="hit_3_right_to_left_03.png"	x="566"	y="400"	width="61"	height="140" frameX="-10" frameY="-0" frameWidth="75" frameHeight="140"/>
	<SubTexture name="hit_4_left_to_right_01.png"	x="60"	y="922"	width="59"	height="100" frameX="-14" frameY="-65" frameWidth="125" frameHeight="165"/>
	<SubTexture name="hit_4_left_to_right_02.png"	x="294"	y="528"	width="71"	height="118" frameX="-12" frameY="-47" frameWidth="125" frameHeight="165"/>
	<SubTexture name="hit_4_left_to_right_03.png"	x="0"	y="252"	width="117"	height="136" frameX="-0" frameY="-29" frameWidth="125" frameHeight="165"/>
	<SubTexture name="hit_4_left_to_right_04.png"	x="206"	y="484"	width="87"	height="163" frameX="-12" frameY="-2" frameWidth="125" frameHeight="165"/>
	<SubTexture name="hit_4_left_to_right_05.png"	x="689"	y="0"	width="58"	height="156" frameX="-15" frameY="-9" frameWidth="125" frameHeight="165"/>
	<SubTexture name="hit_4_right_to_left_01.png"	x="0"	y="922"	width="59"	height="100" frameX="-52" frameY="-65" frameWidth="125" frameHeight="165"/>
	<SubTexture name="hit_4_right_to_left_02.png"	x="294"	y="409"	width="71"	height="118" frameX="-42" frameY="-47" frameWidth="125" frameHeight="165"/>
	<SubTexture name="hit_4_right_to_left_03.png"	x="0"	y="389"	width="117"	height="136" frameX="-8" frameY="-29" frameWidth="125" frameHeight="165"/>
	<SubTexture name="hit_4_right_to_left_04.png"	x="208"	y="648"	width="87"	height="163" frameX="-26" frameY="-2" frameWidth="125" frameHeight="165"/>
	<SubTexture name="hit_4_right_to_left_05.png"	x="748"	y="0"	width="58"	height="156" frameX="-52" frameY="-9" frameWidth="125" frameHeight="165"/>
	<SubTexture name="hit_5_left_to_right_01.png"	x="210"	y="0"	width="81"	height="131" frameX="-0" frameY="-9" frameWidth="160" frameHeight="140"/>
	<SubTexture name="hit_5_left_to_right_02.png"	x="805"	y="157"	width="52"	height="125" frameX="-41" frameY="-15" frameWidth="160" frameHeight="140"/>
	<SubTexture name="hit_5_left_to_right_03.png"	x="365"	y="784"	width="69"	height="114" frameX="-39" frameY="-25" frameWidth="160" frameHeight="140"/>
	<SubTexture name="hit_5_left_to_right_04.png"	x="110"	y="526"	width="95"	height="111" frameX="-37" frameY="-28" frameWidth="160" frameHeight="140"/>
	<SubTexture name="hit_5_left_to_right_05.png"	x="0"	y="526"	width="109"	height="127" frameX="-44" frameY="-10" frameWidth="160" frameHeight="140"/>
	<SubTexture name="hit_5_left_to_right_06.png"	x="120"	y="0"	width="89"	height="116" frameX="-44" frameY="-21" frameWidth="160" frameHeight="140"/>
	<SubTexture name="hit_5_left_to_right_07.png"	x="565"	y="129"	width="62"	height="128" frameX="-49" frameY="-8" frameWidth="160" frameHeight="140"/>
	<SubTexture name="hit_5_left_to_right_08.png"	x="749"	y="465"	width="56"	height="136" frameX="-51" frameY="-2" frameWidth="160" frameHeight="140"/>
	<SubTexture name="hit_5_right_to_left_01.png"	x="208"	y="812"	width="81"	height="131" frameX="-79" frameY="-9" frameWidth="160" frameHeight="140"/>
	<SubTexture name="hit_5_right_to_left_02.png"	x="502"	y="142"	width="52"	height="125" frameX="-67" frameY="-15" frameWidth="160" frameHeight="140"/>
	<SubTexture name="hit_5_right_to_left_03.png"	x="365"	y="899"	width="69"	height="114" frameX="-52" frameY="-25" frameWidth="160" frameHeight="140"/>
	<SubTexture name="hit_5_right_to_left_04.png"	x="110"	y="638"	width="95"	height="111" frameX="-28" frameY="-28" frameWidth="160" frameHeight="140"/>
	<SubTexture name="hit_5_right_to_left_05.png"	x="0"	y="654"	width="109"	height="127" frameX="-7" frameY="-10" frameWidth="160" frameHeight="140"/>
	<SubTexture name="hit_5_right_to_left_06.png"	x="120"	y="117"	width="89"	height="116" frameX="-27" frameY="-21" frameWidth="160" frameHeight="140"/>
	<SubTexture name="hit_5_right_to_left_07.png"	x="565"	y="0"	width="62"	height="128" frameX="-49" frameY="-8" frameWidth="160" frameHeight="140"/>
	<SubTexture name="hit_5_right_to_left_08.png"	x="748"	y="811"	width="56"	height="136" frameX="-53" frameY="-2" frameWidth="160" frameHeight="140"/>
	<SubTexture name="lost_01.png"	x="690"	y="450"	width="58"	height="130" frameX="-19" frameY="-10" frameWidth="100" frameHeight="140"/>
	<SubTexture name="lost_02.png"	x="629"	y="135"	width="59"	height="130" frameX="-15" frameY="-10" frameWidth="100" frameHeight="140"/>
	<SubTexture name="lost_03.png"	x="628"	y="812"	width="60"	height="128" frameX="-14" frameY="-12" frameWidth="100" frameHeight="140"/>
	<SubTexture name="lost_04.png"	x="805"	y="736"	width="53"	height="127" frameX="-21" frameY="-13" frameWidth="100" frameHeight="140"/>
	<SubTexture name="lost_05.png"	x="805"	y="864"	width="51"	height="131" frameX="-25" frameY="-9" frameWidth="100" frameHeight="140"/>
	<SubTexture name="lost_06.png"	x="749"	y="602"	width="54"	height="133" frameX="-22" frameY="-7" frameWidth="100" frameHeight="140"/>
	<SubTexture name="lost_07.png"	x="804"	y="602"	width="54"	height="133" frameX="-20" frameY="-7" frameWidth="100" frameHeight="140"/>
	<SubTexture name="stance_left_to_right_01.png"	x="689"	y="677"	width="59"	height="133" frameX="-6" frameY="-2" frameWidth="75" frameHeight="135"/>
	<SubTexture name="stance_left_to_right_02.png"	x="628"	y="677"	width="60"	height="134" frameX="-6" frameY="-1" frameWidth="75" frameHeight="135"/>
	<SubTexture name="stance_left_to_right_03.png"	x="628"	y="541"	width="61"	height="135" frameX="-5" frameY="-0" frameWidth="75" frameHeight="135"/>
	<SubTexture name="stance_left_to_right_04.png"	x="502"	y="538"	width="63"	height="135" frameX="-3" frameY="-0" frameWidth="75" frameHeight="135"/>
	<SubTexture name="stance_left_to_right_05.png"	x="501"	y="268"	width="64"	height="134" frameX="-2" frameY="-1" frameWidth="75" frameHeight="135"/>
	<SubTexture name="stance_left_to_right_06.png"	x="436"	y="403"	width="64"	height="134" frameX="-1" frameY="-1" frameWidth="75" frameHeight="135"/>
	<SubTexture name="stance_left_to_right_07.png"	x="436"	y="0"	width="65"	height="133" frameX="-0" frameY="-2" frameWidth="75" frameHeight="135"/>
	<SubTexture name="stance_left_to_right_08.png"	x="436"	y="403"	width="64"	height="134" frameX="-1" frameY="-1" frameWidth="75" frameHeight="135"/>
	<SubTexture name="stance_left_to_right_09.png"	x="501"	y="268"	width="64"	height="134" frameX="-2" frameY="-1" frameWidth="75" frameHeight="135"/>
	<SubTexture name="stance_left_to_right_10.png"	x="502"	y="538"	width="63"	height="135" frameX="-3" frameY="-0" frameWidth="75" frameHeight="135"/>
	<SubTexture name="stance_left_to_right_11.png"	x="628"	y="541"	width="61"	height="135" frameX="-5" frameY="-0" frameWidth="75" frameHeight="135"/>
	<SubTexture name="stance_left_to_right_12.png"	x="628"	y="677"	width="60"	height="134" frameX="-6" frameY="-1" frameWidth="75" frameHeight="135"/>
	<SubTexture name="stance_right_to_left_01.png"	x="629"	y="266"	width="59"	height="133" frameX="-10" frameY="-2" frameWidth="75" frameHeight="135"/>
	<SubTexture name="stance_right_to_left_02.png"	x="628"	y="0"	width="60"	height="134" frameX="-9" frameY="-1" frameWidth="75" frameHeight="135"/>
	<SubTexture name="stance_right_to_left_03.png"	x="566"	y="541"	width="61"	height="135" frameX="-9" frameY="-0" frameWidth="75" frameHeight="135"/>
	<SubTexture name="stance_right_to_left_04.png"	x="502"	y="674"	width="63"	height="135" frameX="-9" frameY="-0" frameWidth="75" frameHeight="135"/>
	<SubTexture name="stance_right_to_left_05.png"	x="436"	y="268"	width="64"	height="134" frameX="-9" frameY="-1" frameWidth="75" frameHeight="135"/>
	<SubTexture name="stance_right_to_left_06.png"	x="501"	y="403"	width="64"	height="134" frameX="-10" frameY="-1" frameWidth="75" frameHeight="135"/>
	<SubTexture name="stance_right_to_left_07.png"	x="436"	y="134"	width="65"	height="133" frameX="-10" frameY="-2" frameWidth="75" frameHeight="135"/>
	<SubTexture name="stance_right_to_left_08.png"	x="501"	y="403"	width="64"	height="134" frameX="-10" frameY="-1" frameWidth="75" frameHeight="135"/>
	<SubTexture name="stance_right_to_left_09.png"	x="436"	y="268"	width="64"	height="134" frameX="-9" frameY="-1" frameWidth="75" frameHeight="135"/>
	<SubTexture name="stance_right_to_left_10.png"	x="502"	y="674"	width="63"	height="135" frameX="-9" frameY="-0" frameWidth="75" frameHeight="135"/>
	<SubTexture name="stance_right_to_left_11.png"	x="566"	y="541"	width="61"	height="135" frameX="-9" frameY="-0" frameWidth="75" frameHeight="135"/>
	<SubTexture name="stance_right_to_left_12.png"	x="628"	y="0"	width="60"	height="134" frameX="-9" frameY="-1" frameWidth="75" frameHeight="135"/>
	<SubTexture name="victory_01.png"	x="748"	y="157"	width="56"	height="139" frameX="-24" frameY="-31" frameWidth="100" frameHeight="170"/>
	<SubTexture name="victory_02.png"	x="690"	y="297"	width="58"	height="152" frameX="-23" frameY="-18" frameWidth="100" frameHeight="170"/>
	<SubTexture name="victory_03.png"	x="749"	y="297"	width="56"	height="167" frameX="-24" frameY="-3" frameWidth="100" frameHeight="170"/>
</TextureAtlas>