<?xml version="1.0" encoding="UTF-8"?>
<TextureAtlas imagePath="sprites_blood.png">
	<!--
	Created with ShoeBox
	http://renderhjs.net/shoebox/
	-->
	<SubTexture name="blood_01.png"	x="197"	y="201"	width="20"	height="12" frameX="-116" frameY="-71" frameWidth="255" frameHeight="120"/>
	<SubTexture name="blood_02.png"	x="197"	y="170"	width="48"	height="30" frameX="-104" frameY="-54" frameWidth="255" frameHeight="120"/>
	<SubTexture name="blood_03.png"	x="179"	y="339"	width="62"	height="34" frameX="-96" frameY="-50" frameWidth="255" frameHeight="120"/>
	<SubTexture name="blood_04.png"	x="171"	y="461"	width="96"	height="47" frameX="-80" frameY="-36" frameWidth="255" frameHeight="120"/>
	<SubTexture name="blood_05.png"	x="187"	y="271"	width="130"	height="67" frameX="-62" frameY="-22" frameWidth="255" frameHeight="120"/>
	<SubTexture name="blood_06.png"	x="173"	y="378"	width="158"	height="82" frameX="-49" frameY="-14" frameWidth="255" frameHeight="120"/>
	<SubTexture name="blood_07.png"	x="0"	y="170"	width="196"	height="100" frameX="-31" frameY="-10" frameWidth="255" frameHeight="120"/>
	<SubTexture name="blood_08.png"	x="0"	y="0"	width="228"	height="105" frameX="-15" frameY="-8" frameWidth="255" frameHeight="120"/>
	<SubTexture name="blood_09.png"	x="0"	y="378"	width="172"	height="75" frameX="-43" frameY="-9" frameWidth="255" frameHeight="120"/>
	<SubTexture name="blood_10.png"	x="0"	y="106"	width="202"	height="63" frameX="-30" frameY="-11" frameWidth="255" frameHeight="120"/>
	<SubTexture name="blood_11.png"	x="0"	y="271"	width="186"	height="60" frameX="-37" frameY="-16" frameWidth="255" frameHeight="120"/>
	<SubTexture name="blood_12.png"	x="0"	y="454"	width="170"	height="55" frameX="-44" frameY="-28" frameWidth="255" frameHeight="120"/>
	<SubTexture name="blood_13.png"	x="0"	y="332"	width="178"	height="45" frameX="-40" frameY="-41" frameWidth="255" frameHeight="120"/>
</TextureAtlas>