<?xml version="1.0" encoding="UTF-8"?>
<TextureAtlas imagePath="sprites_liukang.png">
	<!--
	Created with ShoeBox
	http://renderhjs.net/shoebox/
	-->
	<SubTexture name="damage_left_to_right_01.png"	x="693"	y="800"	width="60"	height="135" frameX="-10" frameY="-5" frameWidth="70" frameHeight="140"/>
	<SubTexture name="damage_left_to_right_02.png"	x="693"	y="139"	width="62"	height="136" frameX="-8" frameY="-4" frameWidth="70" frameHeight="140"/>
	<SubTexture name="damage_left_to_right_03.png"	x="561"	y="130"	width="66"	height="129" frameX="-4" frameY="-10" frameWidth="70" frameHeight="140"/>
	<SubTexture name="damage_right_to_left_01.png"	x="694"	y="0"	width="60"	height="135" frameX="-0" frameY="-5" frameWidth="70" frameHeight="140"/>
	<SubTexture name="damage_right_to_left_02.png"	x="693"	y="663"	width="62"	height="136" frameX="-0" frameY="-4" frameWidth="70" frameHeight="140"/>
	<SubTexture name="damage_right_to_left_03.png"	x="561"	y="260"	width="66"	height="129" frameX="-0" frameY="-10" frameWidth="70" frameHeight="140"/>
	<SubTexture name="hit_1_left_to_right_01.png"	x="563"	y="390"	width="66"	height="135" frameX="-30" frameY="-5" frameWidth="140" frameHeight="140"/>
	<SubTexture name="hit_1_left_to_right_02.png"	x="628"	y="139"	width="64"	height="136" frameX="-42" frameY="-2" frameWidth="140" frameHeight="140"/>
	<SubTexture name="hit_1_left_to_right_03.png"	x="756"	y="136"	width="55"	height="135" frameX="-21" frameY="-3" frameWidth="140" frameHeight="140"/>
	<SubTexture name="hit_1_left_to_right_04.png"	x="493"	y="0"	width="67"	height="133" frameX="-24" frameY="-5" frameWidth="140" frameHeight="140"/>
	<SubTexture name="hit_1_left_to_right_05.png"	x="122"	y="0"	width="89"	height="125" frameX="-16" frameY="-12" frameWidth="140" frameHeight="140"/>
	<SubTexture name="hit_1_left_to_right_06.png"	x="0"	y="137"	width="109"	height="131" frameX="-14" frameY="-4" frameWidth="140" frameHeight="140"/>
	<SubTexture name="hit_1_right_to_left_01.png"	x="494"	y="268"	width="66"	height="135" frameX="-44" frameY="-5" frameWidth="140" frameHeight="140"/>
	<SubTexture name="hit_1_right_to_left_02.png"	x="629"	y="526"	width="64"	height="136" frameX="-34" frameY="-2" frameWidth="140" frameHeight="140"/>
	<SubTexture name="hit_1_right_to_left_03.png"	x="755"	y="0"	width="55"	height="135" frameX="-64" frameY="-3" frameWidth="140" frameHeight="140"/>
	<SubTexture name="hit_1_right_to_left_04.png"	x="493"	y="134"	width="67"	height="133" frameX="-49" frameY="-5" frameWidth="140" frameHeight="140"/>
	<SubTexture name="hit_1_right_to_left_05.png"	x="110"	y="270"	width="89"	height="125" frameX="-35" frameY="-12" frameWidth="140" frameHeight="140"/>
	<SubTexture name="hit_1_right_to_left_06.png"	x="0"	y="269"	width="109"	height="131" frameX="-17" frameY="-4" frameWidth="140" frameHeight="140"/>
	<SubTexture name="hit_2_left_to_right_01.png"	x="193"	y="527"	width="82"	height="141" frameX="-0" frameY="-4" frameWidth="105" frameHeight="145"/>
	<SubTexture name="hit_2_left_to_right_02.png"	x="201"	y="126"	width="75"	height="139" frameX="-0" frameY="-6" frameWidth="105" frameHeight="145"/>
	<SubTexture name="hit_2_left_to_right_03.png"	x="0"	y="540"	width="101"	height="138" frameX="-0" frameY="-7" frameWidth="105" frameHeight="145"/>
	<SubTexture name="hit_2_right_to_left_01.png"	x="194"	y="814"	width="82"	height="141" frameX="-23" frameY="-4" frameWidth="105" frameHeight="145"/>
	<SubTexture name="hit_2_right_to_left_02.png"	x="276"	y="493"	width="75"	height="139" frameX="-30" frameY="-6" frameWidth="105" frameHeight="145"/>
	<SubTexture name="hit_2_right_to_left_03.png"	x="0"	y="401"	width="101"	height="138" frameX="-4" frameY="-7" frameWidth="105" frameHeight="145"/>
	<SubTexture name="hit_3_left_to_right_01.png"	x="277"	y="119"	width="72"	height="134" frameX="-0" frameY="-6" frameWidth="75" frameHeight="140"/>
	<SubTexture name="hit_3_left_to_right_02.png"	x="563"	y="526"	width="65"	height="138" frameX="-0" frameY="-2" frameWidth="75" frameHeight="140"/>
	<SubTexture name="hit_3_left_to_right_03.png"	x="629"	y="663"	width="63"	height="138" frameX="-1" frameY="-2" frameWidth="75" frameHeight="140"/>
	<SubTexture name="hit_3_right_to_left_01.png"	x="277"	y="254"	width="72"	height="134" frameX="-3" frameY="-6" frameWidth="75" frameHeight="140"/>
	<SubTexture name="hit_3_right_to_left_02.png"	x="628"	y="0"	width="65"	height="138" frameX="-10" frameY="-2" frameWidth="75" frameHeight="140"/>
	<SubTexture name="hit_3_right_to_left_03.png"	x="630"	y="276"	width="63"	height="138" frameX="-11" frameY="-2" frameWidth="75" frameHeight="140"/>
	<SubTexture name="hit_4_left_to_right_01.png"	x="197"	y="396"	width="80"	height="96" frameX="-3" frameY="-54" frameWidth="100" frameHeight="150"/>
	<SubTexture name="hit_4_left_to_right_02.png"	x="287"	y="0"	width="60"	height="114" frameX="-8" frameY="-36" frameWidth="100" frameHeight="150"/>
	<SubTexture name="hit_4_left_to_right_03.png"	x="102"	y="401"	width="94"	height="125" frameX="-6" frameY="-25" frameWidth="100" frameHeight="150"/>
	<SubTexture name="hit_4_left_to_right_04.png"	x="102"	y="527"	width="90"	height="132" frameX="-8" frameY="-18" frameWidth="100" frameHeight="150"/>
	<SubTexture name="hit_4_left_to_right_05.png"	x="422"	y="0"	width="70"	height="148" frameX="-0" frameY="-2" frameWidth="100" frameHeight="150"/>
	<SubTexture name="hit_4_right_to_left_01.png"	x="198"	y="669"	width="80"	height="96" frameX="-17" frameY="-54" frameWidth="100" frameHeight="150"/>
	<SubTexture name="hit_4_right_to_left_02.png"	x="348"	y="901"	width="60"	height="114" frameX="-32" frameY="-36" frameWidth="100" frameHeight="150"/>
	<SubTexture name="hit_4_right_to_left_03.png"	x="99"	y="814"	width="94"	height="125" frameX="-0" frameY="-25" frameWidth="100" frameHeight="150"/>
	<SubTexture name="hit_4_right_to_left_04.png"	x="110"	y="137"	width="90"	height="132" frameX="-2" frameY="-18" frameWidth="100" frameHeight="150"/>
	<SubTexture name="hit_4_right_to_left_05.png"	x="422"	y="149"	width="70"	height="148" frameX="-30" frameY="-2" frameWidth="100" frameHeight="150"/>
	<SubTexture name="hit_5_left_to_right_01.png"	x="561"	y="0"	width="66"	height="129" frameX="-7" frameY="-11" frameWidth="140" frameHeight="140"/>
	<SubTexture name="hit_5_left_to_right_02.png"	x="492"	y="840"	width="67"	height="125" frameX="-7" frameY="-15" frameWidth="140" frameHeight="140"/>
	<SubTexture name="hit_5_left_to_right_03.png"	x="200"	y="270"	width="74"	height="118" frameX="-15" frameY="-22" frameWidth="140" frameHeight="140"/>
	<SubTexture name="hit_5_left_to_right_04.png"	x="0"	y="827"	width="98"	height="134" frameX="-33" frameY="-6" frameWidth="140" frameHeight="140"/>
	<SubTexture name="hit_5_left_to_right_05.png"	x="278"	y="389"	width="70"	height="99" frameX="-34" frameY="-41" frameWidth="140" frameHeight="140"/>
	<SubTexture name="hit_5_left_to_right_06.png"	x="753"	y="276"	width="50"	height="112" frameX="-46" frameY="-27" frameWidth="140" frameHeight="140"/>
	<SubTexture name="hit_5_left_to_right_07.png"	x="864"	y="809"	width="44"	height="126" frameX="-43" frameY="-13" frameWidth="140" frameHeight="140"/>
	<SubTexture name="hit_5_left_to_right_08.png"	x="563"	y="665"	width="65"	height="136" frameX="-18" frameY="-4" frameWidth="140" frameHeight="140"/>
	<SubTexture name="hit_5_right_to_left_01.png"	x="560"	y="840"	width="66"	height="129" frameX="-67" frameY="-11" frameWidth="140" frameHeight="140"/>
	<SubTexture name="hit_5_right_to_left_02.png"	x="279"	y="633"	width="67"	height="125" frameX="-66" frameY="-15" frameWidth="140" frameHeight="140"/>
	<SubTexture name="hit_5_right_to_left_03.png"	x="212"	y="0"	width="74"	height="118" frameX="-51" frameY="-22" frameWidth="140" frameHeight="140"/>
	<SubTexture name="hit_5_right_to_left_04.png"	x="99"	y="679"	width="98"	height="134" frameX="-9" frameY="-6" frameWidth="140" frameHeight="140"/>
	<SubTexture name="hit_5_right_to_left_05.png"	x="277"	y="901"	width="70"	height="99" frameX="-36" frameY="-41" frameWidth="140" frameHeight="140"/>
	<SubTexture name="hit_5_right_to_left_06.png"	x="694"	y="538"	width="50"	height="112" frameX="-44" frameY="-27" frameWidth="140" frameHeight="140"/>
	<SubTexture name="hit_5_right_to_left_07.png"	x="865"	y="0"	width="44"	height="126" frameX="-53" frameY="-13" frameWidth="140" frameHeight="140"/>
	<SubTexture name="hit_5_right_to_left_08.png"	x="627"	y="802"	width="65"	height="136" frameX="-57" frameY="-4" frameWidth="140" frameHeight="140"/>
	<SubTexture name="lost_01.png"	x="810"	y="674"	width="55"	height="134" frameX="-20" frameY="-6" frameWidth="100" frameHeight="140"/>
	<SubTexture name="lost_02.png"	x="806"	y="272"	width="55"	height="132" frameX="-20" frameY="-8" frameWidth="100" frameHeight="140"/>
	<SubTexture name="lost_03.png"	x="806"	y="405"	width="55"	height="129" frameX="-20" frameY="-11" frameWidth="100" frameHeight="140"/>
	<SubTexture name="lost_04.png"	x="694"	y="276"	width="58"	height="124" frameX="-17" frameY="-16" frameWidth="100" frameHeight="140"/>
	<SubTexture name="lost_05.png"	x="754"	y="800"	width="55"	height="132" frameX="-20" frameY="-8" frameWidth="100" frameHeight="140"/>
	<SubTexture name="lost_06.png"	x="756"	y="537"	width="55"	height="136" frameX="-20" frameY="-4" frameWidth="100" frameHeight="140"/>
	<SubTexture name="lost_07.png"	x="750"	y="401"	width="55"	height="135" frameX="-20" frameY="-5" frameWidth="100" frameHeight="140"/>
	<SubTexture name="stance_left_to_right_01.png"	x="277"	y="766"	width="71"	height="134" frameX="-0" frameY="-1" frameWidth="75" frameHeight="135"/>
	<SubTexture name="stance_left_to_right_02.png"	x="350"	y="268"	width="71"	height="133" frameX="-0" frameY="-2" frameWidth="75" frameHeight="135"/>
	<SubTexture name="stance_left_to_right_03.png"	x="350"	y="0"	width="71"	height="132" frameX="-0" frameY="-3" frameWidth="75" frameHeight="135"/>
	<SubTexture name="stance_left_to_right_04.png"	x="352"	y="402"	width="70"	height="132" frameX="-0" frameY="-3" frameWidth="75" frameHeight="135"/>
	<SubTexture name="stance_left_to_right_05.png"	x="421"	y="802"	width="70"	height="133" frameX="-0" frameY="-2" frameWidth="75" frameHeight="135"/>
	<SubTexture name="stance_left_to_right_06.png"	x="492"	y="433"	width="70"	height="134" frameX="-0" frameY="-1" frameWidth="75" frameHeight="135"/>
	<SubTexture name="stance_left_to_right_07.png"	x="492"	y="568"	width="70"	height="135" frameX="-0" frameY="-0" frameWidth="75" frameHeight="135"/>
	<SubTexture name="stance_right_to_left_01.png"	x="350"	y="133"	width="71"	height="134" frameX="-4" frameY="-1" frameWidth="75" frameHeight="135"/>
	<SubTexture name="stance_right_to_left_02.png"	x="349"	y="633"	width="71"	height="133" frameX="-4" frameY="-2" frameWidth="75" frameHeight="135"/>
	<SubTexture name="stance_right_to_left_03.png"	x="349"	y="767"	width="71"	height="132" frameX="-4" frameY="-3" frameWidth="75" frameHeight="135"/>
	<SubTexture name="stance_right_to_left_04.png"	x="421"	y="669"	width="70"	height="132" frameX="-5" frameY="-3" frameWidth="75" frameHeight="135"/>
	<SubTexture name="stance_right_to_left_05.png"	x="421"	y="535"	width="70"	height="133" frameX="-5" frameY="-2" frameWidth="75" frameHeight="135"/>
	<SubTexture name="stance_right_to_left_06.png"	x="423"	y="298"	width="70"	height="134" frameX="-5" frameY="-1" frameWidth="75" frameHeight="135"/>
	<SubTexture name="stance_right_to_left_07.png"	x="492"	y="704"	width="70"	height="135" frameX="-5" frameY="-0" frameWidth="75" frameHeight="135"/>
	<SubTexture name="victory_01.png"	x="694"	y="401"	width="55"	height="136" frameX="-35" frameY="-29" frameWidth="125" frameHeight="165"/>
	<SubTexture name="victory_02.png"	x="812"	y="535"	width="53"	height="135" frameX="-37" frameY="-29" frameWidth="125" frameHeight="165"/>
	<SubTexture name="victory_03.png"	x="812"	y="129"	width="53"	height="134" frameX="-37" frameY="-29" frameWidth="125" frameHeight="165"/>
	<SubTexture name="victory_04.png"	x="0"	y="0"	width="121"	height="136" frameX="-1" frameY="-27" frameWidth="125" frameHeight="165"/>
	<SubTexture name="victory_05.png"	x="0"	y="679"	width="98"	height="147" frameX="-14" frameY="-16" frameWidth="125" frameHeight="165"/>
	<SubTexture name="victory_06.png"	x="862"	y="264"	width="53"	height="163" frameX="-37" frameY="-0" frameWidth="125" frameHeight="165"/>
	<SubTexture name="victory_07.png"	x="810"	y="809"	width="53"	height="135" frameX="-37" frameY="-28" frameWidth="125" frameHeight="165"/>
	<SubTexture name="victory_08.png"	x="811"	y="0"	width="53"	height="128" frameX="-37" frameY="-35" frameWidth="125" frameHeight="165"/>
</TextureAtlas>