<?xml version="1.0" encoding="UTF-8"?>
<TextureAtlas imagePath="sprites_goro.png">
	<!--
	Created with ShoeBox
	http://renderhjs.net/shoebox/
	-->
	<SubTexture name="damage_right_to_left_01.png"	x="294"	y="0"	width="106"	height="152" frameX="-3" frameY="-4" frameWidth="125" frameHeight="156"/>
	<SubTexture name="damage_right_to_left_02.png"	x="158"	y="185"	width="121"	height="146" frameX="-4" frameY="-10" frameWidth="125" frameHeight="156"/>
	<SubTexture name="damage_right_to_left_03.png"	x="294"	y="0"	width="106"	height="152" frameX="-3" frameY="-4" frameWidth="125" frameHeight="156"/>
	<SubTexture name="damage_right_to_left_04.png"	x="494"	y="612"	width="96"	height="156" frameX="-0" frameY="-0" frameWidth="125" frameHeight="156"/>
	<SubTexture name="hit_1_right_to_left_01.png"	x="388"	y="645"	width="105"	height="154" frameX="-52" frameY="-1" frameWidth="175" frameHeight="155"/>
	<SubTexture name="hit_1_right_to_left_02.png"	x="277"	y="738"	width="110"	height="152" frameX="-50" frameY="-0" frameWidth="175" frameHeight="155"/>
	<SubTexture name="hit_1_right_to_left_03.png"	x="492"	y="286"	width="100"	height="148" frameX="-48" frameY="-4" frameWidth="175" frameHeight="155"/>
	<SubTexture name="hit_1_right_to_left_04.png"	x="277"	y="891"	width="103"	height="129" frameX="-50" frameY="-23" frameWidth="175" frameHeight="155"/>
	<SubTexture name="hit_1_right_to_left_05.png"	x="0"	y="53"	width="171"	height="131" frameX="-2" frameY="-21" frameWidth="175" frameHeight="155"/>
	<SubTexture name="hit_2_right_to_left_01.png"	x="592"	y="767"	width="93"	height="156" frameX="-65" frameY="-4" frameWidth="165" frameHeight="160"/>
	<SubTexture name="hit_2_right_to_left_02.png"	x="280"	y="153"	width="109"	height="144" frameX="-50" frameY="-16" frameWidth="165" frameHeight="160"/>
	<SubTexture name="hit_2_right_to_left_03.png"	x="0"	y="185"	width="157"	height="141" frameX="-3" frameY="-19" frameWidth="165" frameHeight="160"/>
	<SubTexture name="hit_3_right_to_left_01.png"	x="176"	y="0"	width="117"	height="152" frameX="-1" frameY="-3" frameWidth="120" frameHeight="155"/>
	<SubTexture name="hit_3_right_to_left_02.png"	x="401"	y="0"	width="102"	height="151" frameX="-13" frameY="-4" frameWidth="120" frameHeight="155"/>
	<SubTexture name="hit_3_right_to_left_03.png"	x="493"	y="800"	width="98"	height="150" frameX="-15" frameY="-5" frameWidth="120" frameHeight="155"/>
	<SubTexture name="hit_4_right_to_left_01.png"	x="139"	y="888"	width="137"	height="129" frameX="-42" frameY="-41" frameWidth="180" frameHeight="170"/>
	<SubTexture name="hit_4_right_to_left_02.png"	x="145"	y="444"	width="125"	height="137" frameX="-46" frameY="-33" frameWidth="180" frameHeight="170"/>
	<SubTexture name="hit_4_right_to_left_03.png"	x="0"	y="598"	width="139"	height="148" frameX="-5" frameY="-21" frameWidth="180" frameHeight="170"/>
	<SubTexture name="hit_4_right_to_left_04.png"	x="388"	y="800"	width="104"	height="164" frameX="-38" frameY="-5" frameWidth="180" frameHeight="170"/>
	<SubTexture name="hit_4_right_to_left_05.png"	x="504"	y="0"	width="96"	height="164" frameX="-39" frameY="-5" frameWidth="180" frameHeight="170"/>
	<SubTexture name="hit_5_right_to_left_01.png"	x="388"	y="645"	width="105"	height="154" frameX="-52" frameY="-1" frameWidth="175" frameHeight="155"/>
	<SubTexture name="hit_5_right_to_left_02.png"	x="277"	y="738"	width="110"	height="152" frameX="-50" frameY="-0" frameWidth="175" frameHeight="155"/>
	<SubTexture name="hit_5_right_to_left_03.png"	x="492"	y="286"	width="100"	height="148" frameX="-48" frameY="-4" frameWidth="175" frameHeight="155"/>
	<SubTexture name="hit_5_right_to_left_04.png"	x="277"	y="891"	width="103"	height="129" frameX="-50" frameY="-23" frameWidth="175" frameHeight="155"/>
	<SubTexture name="hit_5_right_to_left_05.png"	x="0"	y="53"	width="171"	height="131" frameX="-2" frameY="-21" frameWidth="175" frameHeight="155"/>
	<SubTexture name="lost_01.png"	x="0"	y="747"	width="139"	height="140" frameX="-20" frameY="-12" frameWidth="190" frameHeight="190"/>
	<SubTexture name="lost_02.png"	x="0"	y="888"	width="138"	height="104" frameX="-22" frameY="-16" frameWidth="190" frameHeight="190"/>
	<SubTexture name="lost_03.png"	x="140"	y="756"	width="125"	height="90" frameX="-53" frameY="-43" frameWidth="190" frameHeight="190"/>
	<SubTexture name="lost_04.png"	x="390"	y="153"	width="103"	height="132" frameX="-80" frameY="-55" frameWidth="190" frameHeight="190"/>
	<SubTexture name="lost_05.png"	x="0"	y="327"	width="145"	height="116" frameX="-32" frameY="-73" frameWidth="190" frameHeight="190"/>
	<SubTexture name="lost_06.png"	x="0"	y="0"	width="175"	height="52" frameX="-1" frameY="-129" frameWidth="190" frameHeight="190"/>
	<SubTexture name="stance_right_to_left_01.png"	x="271"	y="332"	width="111"	height="156" frameX="-6" frameY="-3" frameWidth="120" frameHeight="160"/>
	<SubTexture name="stance_right_to_left_02.png"	x="266"	y="582"	width="115"	height="155" frameX="-3" frameY="-4" frameWidth="120" frameHeight="160"/>
	<SubTexture name="stance_right_to_left_03.png"	x="491"	y="456"	width="101"	height="155" frameX="-4" frameY="-4" frameWidth="120" frameHeight="160"/>
	<SubTexture name="stance_right_to_left_04.png"	x="591"	y="612"	width="95"	height="154" frameX="-3" frameY="-4" frameWidth="120" frameHeight="160"/>
	<SubTexture name="stance_right_to_left_05.png"	x="593"	y="165"	width="92"	height="153" frameX="-2" frameY="-5" frameWidth="120" frameHeight="160"/>
	<SubTexture name="stance_right_to_left_06.png"	x="593"	y="319"	width="92"	height="155" frameX="-9" frameY="-4" frameWidth="120" frameHeight="160"/>
	<SubTexture name="stance_right_to_left_07.png"	x="382"	y="489"	width="108"	height="155" frameX="-4" frameY="-4" frameWidth="120" frameHeight="160"/>
	<SubTexture name="victory_01.png"	x="0"	y="444"	width="144"	height="153" frameX="-7" frameY="-7" frameWidth="160" frameHeight="160"/>
	<SubTexture name="victory_02.png"	x="140"	y="598"	width="125"	height="157" frameX="-13" frameY="-3" frameWidth="160" frameHeight="160"/>
	<SubTexture name="victory_03.png"	x="383"	y="298"	width="108"	height="157" frameX="-22" frameY="-3" frameWidth="160" frameHeight="160"/>
</TextureAtlas>