<?xml version="1.0" encoding="UTF-8"?>
<TextureAtlas imagePath="sprites_baraka.png">
	<!--
	Created with ShoeBox
	http://renderhjs.net/shoebox/
	-->
	<SubTexture name="damage_left_to_right_01.png"	x="842"	y="0"	width="57"	height="138" frameX="-18" frameY="-7" frameWidth="80" frameHeight="145"/>
	<SubTexture name="damage_left_to_right_02.png"	x="532"	y="803"	width="64"	height="131" frameX="-12" frameY="-14" frameWidth="80" frameHeight="145"/>
	<SubTexture name="damage_left_to_right_03.png"	x="460"	y="568"	width="72"	height="127" frameX="-3" frameY="-18" frameWidth="80" frameHeight="145"/>
	<SubTexture name="damage_right_to_left_01.png"	x="841"	y="823"	width="57"	height="138" frameX="-5" frameY="-7" frameWidth="80" frameHeight="145"/>
	<SubTexture name="damage_right_to_left_02.png"	x="594"	y="326"	width="64"	height="131" frameX="-4" frameY="-14" frameWidth="80" frameHeight="145"/>
	<SubTexture name="damage_right_to_left_03.png"	x="390"	y="120"	width="72"	height="127" frameX="-5" frameY="-18" frameWidth="80" frameHeight="145"/>
	<SubTexture name="hit_1_left_to_right_01.png"	x="461"	y="386"	width="67"	height="137" frameX="-24" frameY="-2" frameWidth="140" frameHeight="140"/>
	<SubTexture name="hit_1_left_to_right_02.png"	x="899"	y="828"	width="45"	height="138" frameX="-37" frameY="-2" frameWidth="140" frameHeight="140"/>
	<SubTexture name="hit_1_left_to_right_03.png"	x="781"	y="536"	width="59"	height="136" frameX="-34" frameY="-4" frameWidth="140" frameHeight="140"/>
	<SubTexture name="hit_1_left_to_right_04.png"	x="277"	y="0"	width="81"	height="131" frameX="-27" frameY="-9" frameWidth="140" frameHeight="140"/>
	<SubTexture name="hit_1_left_to_right_05.png"	x="115"	y="276"	width="102"	height="124" frameX="-19" frameY="-16" frameWidth="140" frameHeight="140"/>
	<SubTexture name="hit_1_left_to_right_06.png"	x="0"	y="544"	width="107"	height="132" frameX="-25" frameY="-8" frameWidth="140" frameHeight="140"/>
	<SubTexture name="hit_1_right_to_left_01.png"	x="460"	y="248"	width="67"	height="137" frameX="-49" frameY="-2" frameWidth="140" frameHeight="140"/>
	<SubTexture name="hit_1_right_to_left_02.png"	x="900"	y="249"	width="45"	height="138" frameX="-58" frameY="-2" frameWidth="140" frameHeight="140"/>
	<SubTexture name="hit_1_right_to_left_03.png"	x="782"	y="133"	width="59"	height="136" frameX="-47" frameY="-4" frameWidth="140" frameHeight="140"/>
	<SubTexture name="hit_1_right_to_left_04.png"	x="303"	y="797"	width="81"	height="131" frameX="-32" frameY="-9" frameWidth="140" frameHeight="140"/>
	<SubTexture name="hit_1_right_to_left_05.png"	x="108"	y="818"	width="102"	height="124" frameX="-19" frameY="-16" frameWidth="140" frameHeight="140"/>
	<SubTexture name="hit_1_right_to_left_06.png"	x="0"	y="795"	width="107"	height="132" frameX="-8" frameY="-8" frameWidth="140" frameHeight="140"/>
	<SubTexture name="hit_2_left_to_right_01.png"	x="659"	y="732"	width="61"	height="137" frameX="-6" frameY="-8" frameWidth="115" frameHeight="145"/>
	<SubTexture name="hit_2_left_to_right_02.png"	x="218"	y="258"	width="91"	height="135" frameX="-3" frameY="-10" frameWidth="115" frameHeight="145"/>
	<SubTexture name="hit_2_left_to_right_03.png"	x="0"	y="276"	width="114"	height="133" frameX="-1" frameY="-12" frameWidth="115" frameHeight="145"/>
	<SubTexture name="hit_2_right_to_left_01.png"	x="658"	y="0"	width="61"	height="137" frameX="-48" frameY="-8" frameWidth="115" frameHeight="145"/>
	<SubTexture name="hit_2_right_to_left_02.png"	x="213"	y="528"	width="91"	height="135" frameX="-21" frameY="-10" frameWidth="115" frameHeight="145"/>
	<SubTexture name="hit_2_right_to_left_03.png"	x="0"	y="410"	width="114"	height="133" frameX="-0" frameY="-12" frameWidth="115" frameHeight="145"/>
	<SubTexture name="hit_3_left_to_right_01.png"	x="385"	y="568"	width="74"	height="138" frameX="-1" frameY="-7" frameWidth="75" frameHeight="145"/>
	<SubTexture name="hit_3_left_to_right_02.png"	x="597"	y="868"	width="61"	height="144" frameX="-1" frameY="-1" frameWidth="75" frameHeight="145"/>
	<SubTexture name="hit_3_left_to_right_03.png"	x="841"	y="678"	width="57"	height="144" frameX="-0" frameY="-1" frameWidth="75" frameHeight="145"/>
	<SubTexture name="hit_3_right_to_left_01.png"	x="385"	y="707"	width="74"	height="138" frameX="-0" frameY="-7" frameWidth="75" frameHeight="145"/>
	<SubTexture name="hit_3_right_to_left_02.png"	x="659"	y="870"	width="61"	height="144" frameX="-13" frameY="-1" frameWidth="75" frameHeight="145"/>
	<SubTexture name="hit_3_right_to_left_03.png"	x="841"	y="533"	width="57"	height="144" frameX="-18" frameY="-1" frameWidth="75" frameHeight="145"/>
	<SubTexture name="hit_4_left_to_right_01.png"	x="214"	y="401"	width="89"	height="108" frameX="-0" frameY="-57" frameWidth="130" frameHeight="165"/>
	<SubTexture name="hit_4_left_to_right_02.png"	x="385"	y="421"	width="75"	height="146" frameX="-19" frameY="-19" frameWidth="130" frameHeight="165"/>
	<SubTexture name="hit_4_left_to_right_03.png"	x="305"	y="528"	width="79"	height="141" frameX="-21" frameY="-22" frameWidth="130" frameHeight="165"/>
	<SubTexture name="hit_4_left_to_right_04.png"	x="108"	y="681"	width="104"	height="136" frameX="-26" frameY="-28" frameWidth="130" frameHeight="165"/>
	<SubTexture name="hit_4_left_to_right_05.png"	x="528"	y="163"	width="66"	height="162" frameX="-32" frameY="-3" frameWidth="130" frameHeight="165"/>
	<SubTexture name="hit_4_right_to_left_01.png"	x="186"	y="0"	width="89"	height="108" frameX="-41" frameY="-57" frameWidth="130" frameHeight="165"/>
	<SubTexture name="hit_4_right_to_left_02.png"	x="384"	y="274"	width="75"	height="146" frameX="-36" frameY="-19" frameWidth="130" frameHeight="165"/>
	<SubTexture name="hit_4_right_to_left_03.png"	x="310"	y="132"	width="79"	height="141" frameX="-30" frameY="-22" frameWidth="130" frameHeight="165"/>
	<SubTexture name="hit_4_right_to_left_04.png"	x="108"	y="544"	width="104"	height="136" frameX="-0" frameY="-28" frameWidth="130" frameHeight="165"/>
	<SubTexture name="hit_4_right_to_left_05.png"	x="502"	y="0"	width="66"	height="162" frameX="-32" frameY="-3" frameWidth="130" frameHeight="165"/>
	<SubTexture name="hit_5_left_to_right_01.png"	x="569"	y="0"	width="64"	height="134" frameX="-11" frameY="-6" frameWidth="140" frameHeight="140"/>
	<SubTexture name="hit_5_left_to_right_02.png"	x="305"	y="670"	width="75"	height="119" frameX="-24" frameY="-21" frameWidth="140" frameHeight="140"/>
	<SubTexture name="hit_5_left_to_right_03.png"	x="531"	y="696"	width="64"	height="106" frameX="-34" frameY="-33" frameWidth="140" frameHeight="140"/>
	<SubTexture name="hit_5_left_to_right_04.png"	x="178"	y="131"	width="98"	height="126" frameX="-37" frameY="-14" frameWidth="140" frameHeight="140"/>
	<SubTexture name="hit_5_left_to_right_05.png"	x="892"	y="139"	width="48"	height="109" frameX="-40" frameY="-31" frameWidth="140" frameHeight="140"/>
	<SubTexture name="hit_5_left_to_right_06.png"	x="310"	y="274"	width="66"	height="119" frameX="-15" frameY="-21" frameWidth="140" frameHeight="140"/>
	<SubTexture name="hit_5_left_to_right_07.png"	x="213"	y="664"	width="91"	height="132" frameX="-1" frameY="-8" frameWidth="140" frameHeight="140"/>
	<SubTexture name="hit_5_right_to_left_01.png"	x="529"	y="326"	width="64"	height="134" frameX="-65" frameY="-6" frameWidth="140" frameHeight="140"/>
	<SubTexture name="hit_5_right_to_left_02.png"	x="359"	y="0"	width="75"	height="119" frameX="-41" frameY="-21" frameWidth="140" frameHeight="140"/>
	<SubTexture name="hit_5_right_to_left_03.png"	x="529"	y="461"	width="64"	height="106" frameX="-42" frameY="-33" frameWidth="140" frameHeight="140"/>
	<SubTexture name="hit_5_right_to_left_04.png"	x="115"	y="401"	width="98"	height="126" frameX="-5" frameY="-14" frameWidth="140" frameHeight="140"/>
	<SubTexture name="hit_5_right_to_left_05.png"	x="899"	y="718"	width="48"	height="109" frameX="-52" frameY="-31" frameWidth="140" frameHeight="140"/>
	<SubTexture name="hit_5_right_to_left_06.png"	x="435"	y="0"	width="66"	height="119" frameX="-59" frameY="-21" frameWidth="140" frameHeight="140"/>
	<SubTexture name="hit_5_right_to_left_07.png"	x="211"	y="818"	width="91"	height="132" frameX="-48" frameY="-8" frameWidth="140" frameHeight="140"/>
	<SubTexture name="lost_01.png"	x="721"	y="669"	width="59"	height="138" frameX="-26" frameY="-2" frameWidth="100" frameHeight="140"/>
	<SubTexture name="lost_02.png"	x="781"	y="673"	width="59"	height="138" frameX="-26" frameY="-2" frameWidth="100" frameHeight="140"/>
	<SubTexture name="lost_03.png"	x="658"	y="138"	width="61"	height="136" frameX="-26" frameY="-4" frameWidth="100" frameHeight="140"/>
	<SubTexture name="lost_04.png"	x="660"	y="411"	width="60"	height="133" frameX="-26" frameY="-7" frameWidth="100" frameHeight="140"/>
	<SubTexture name="lost_05.png"	x="533"	y="568"	width="63"	height="124" frameX="-22" frameY="-16" frameWidth="100" frameHeight="140"/>
	<SubTexture name="lost_06.png"	x="595"	y="135"	width="62"	height="128" frameX="-23" frameY="-12" frameWidth="100" frameHeight="140"/>
	<SubTexture name="lost_07.png"	x="720"	y="0"	width="60"	height="133" frameX="-25" frameY="-7" frameWidth="100" frameHeight="140"/>
	<SubTexture name="stance_left_to_right_01.png"	x="597"	y="595"	width="62"	height="136" frameX="-7" frameY="-4" frameWidth="75" frameHeight="140"/>
	<SubTexture name="stance_left_to_right_02.png"	x="659"	y="275"	width="61"	height="135" frameX="-7" frameY="-5" frameWidth="75" frameHeight="140"/>
	<SubTexture name="stance_left_to_right_03.png"	x="660"	y="545"	width="60"	height="133" frameX="-7" frameY="-7" frameWidth="75" frameHeight="140"/>
	<SubTexture name="stance_left_to_right_04.png"	x="721"	y="808"	width="59"	height="132" frameX="-7" frameY="-8" frameWidth="75" frameHeight="140"/>
	<SubTexture name="stance_left_to_right_05.png"	x="841"	y="270"	width="58"	height="131" frameX="-7" frameY="-9" frameWidth="75" frameHeight="140"/>
	<SubTexture name="stance_left_to_right_06.png"	x="782"	y="270"	width="58"	height="130" frameX="-7" frameY="-10" frameWidth="75" frameHeight="140"/>
	<SubTexture name="stance_left_to_right_07.png"	x="841"	y="270"	width="58"	height="131" frameX="-7" frameY="-9" frameWidth="75" frameHeight="140"/>
	<SubTexture name="stance_left_to_right_08.png"	x="721"	y="536"	width="59"	height="132" frameX="-7" frameY="-8" frameWidth="75" frameHeight="140"/>
	<SubTexture name="stance_left_to_right_09.png"	x="720"	y="134"	width="60"	height="133" frameX="-7" frameY="-7" frameWidth="75" frameHeight="140"/>
	<SubTexture name="stance_right_to_left_01.png"	x="597"	y="458"	width="62"	height="136" frameX="-6" frameY="-4" frameWidth="75" frameHeight="140"/>
	<SubTexture name="stance_right_to_left_02.png"	x="597"	y="732"	width="61"	height="135" frameX="-7" frameY="-5" frameWidth="75" frameHeight="140"/>
	<SubTexture name="stance_right_to_left_03.png"	x="721"	y="402"	width="60"	height="133" frameX="-8" frameY="-7" frameWidth="75" frameHeight="140"/>
	<SubTexture name="stance_right_to_left_04.png"	x="781"	y="0"	width="59"	height="132" frameX="-9" frameY="-8" frameWidth="75" frameHeight="140"/>
	<SubTexture name="stance_right_to_left_05.png"	x="782"	y="401"	width="58"	height="131" frameX="-10" frameY="-9" frameWidth="75" frameHeight="140"/>
	<SubTexture name="stance_right_to_left_06.png"	x="841"	y="402"	width="58"	height="130" frameX="-10" frameY="-10" frameWidth="75" frameHeight="140"/>
	<SubTexture name="stance_right_to_left_07.png"	x="782"	y="401"	width="58"	height="131" frameX="-10" frameY="-9" frameWidth="75" frameHeight="140"/>
	<SubTexture name="stance_right_to_left_08.png"	x="781"	y="812"	width="59"	height="132" frameX="-9" frameY="-8" frameWidth="75" frameHeight="140"/>
	<SubTexture name="stance_right_to_left_09.png"	x="721"	y="268"	width="60"	height="133" frameX="-8" frameY="-7" frameWidth="75" frameHeight="140"/>
	<SubTexture name="victory_01.png"	x="460"	y="696"	width="70"	height="133" frameX="-80" frameY="-57" frameWidth="200" frameHeight="190"/>
	<SubTexture name="victory_02.png"	x="304"	y="394"	width="79"	height="133" frameX="-80" frameY="-57" frameWidth="200" frameHeight="190"/>
	<SubTexture name="victory_03.png"	x="385"	y="846"	width="73"	height="139" frameX="-83" frameY="-51" frameWidth="200" frameHeight="190"/>
	<SubTexture name="victory_04.png"	x="899"	y="533"	width="55"	height="184" frameX="-73" frameY="-6" frameWidth="200" frameHeight="190"/>
	<SubTexture name="victory_05.png"	x="0"	y="131"	width="177"	height="144" frameX="-9" frameY="-46" frameWidth="200" frameHeight="190"/>
	<SubTexture name="victory_06.png"	x="0"	y="0"	width="185"	height="130" frameX="-7" frameY="-60" frameWidth="200" frameHeight="190"/>
	<SubTexture name="victory_07.png"	x="0"	y="677"	width="107"	height="117" frameX="-51" frameY="-73" frameWidth="200" frameHeight="190"/>
	<SubTexture name="victory_08.png"	x="842"	y="139"	width="49"	height="117" frameX="-74" frameY="-73" frameWidth="200" frameHeight="190"/>
	<SubTexture name="victory_09.png"	x="900"	y="388"	width="35"	height="137" frameX="-83" frameY="-53" frameWidth="200" frameHeight="190"/>
	<SubTexture name="victory_10.png"	x="459"	y="846"	width="72"	height="146" frameX="-63" frameY="-44" frameWidth="200" frameHeight="190"/>
</TextureAtlas>