<?xml version="1.0" encoding="UTF-8"?>
<TextureAtlas imagePath="sprites_johnnycage.png">
	<!--
	Created with ShoeBox
	http://renderhjs.net/shoebox/
	-->
	<SubTexture name="damage_left_to_right_01.png"	x="430"	y="525"	width="67"	height="137" frameX="-12" frameY="-3" frameWidth="80" frameHeight="140"/>
	<SubTexture name="damage_left_to_right_02.png"	x="357"	y="773"	width="74"	height="130" frameX="-6" frameY="-10" frameWidth="80" frameHeight="140"/>
	<SubTexture name="damage_left_to_right_03.png"	x="284"	y="274"	width="76"	height="127" frameX="-3" frameY="-13" frameWidth="80" frameHeight="140"/>
	<SubTexture name="damage_right_to_left_01.png"	x="432"	y="663"	width="67"	height="137" frameX="-1" frameY="-3" frameWidth="80" frameHeight="140"/>
	<SubTexture name="damage_right_to_left_02.png"	x="288"	y="0"	width="74"	height="130" frameX="-0" frameY="-10" frameWidth="80" frameHeight="140"/>
	<SubTexture name="damage_right_to_left_03.png"	x="283"	y="494"	width="76"	height="127" frameX="-1" frameY="-13" frameWidth="80" frameHeight="140"/>
	<SubTexture name="hit_1_left_to_right_01.png"	x="630"	y="399"	width="62"	height="138" frameX="-0" frameY="-2" frameWidth="140" frameHeight="140"/>
	<SubTexture name="hit_1_left_to_right_02.png"	x="753"	y="128"	width="58"	height="137" frameX="-11" frameY="-3" frameWidth="140" frameHeight="140"/>
	<SubTexture name="hit_1_left_to_right_03.png"	x="923"	y="813"	width="51"	height="132" frameX="-8" frameY="-6" frameWidth="140" frameHeight="140"/>
	<SubTexture name="hit_1_left_to_right_04.png"	x="629"	y="135"	width="62"	height="124" frameX="-9" frameY="-10" frameWidth="140" frameHeight="140"/>
	<SubTexture name="hit_1_left_to_right_05.png"	x="117"	y="259"	width="88"	height="118" frameX="-8" frameY="-16" frameWidth="140" frameHeight="140"/>
	<SubTexture name="hit_1_left_to_right_06.png"	x="0"	y="0"	width="116"	height="120" frameX="-1" frameY="-14" frameWidth="140" frameHeight="140"/>
	<SubTexture name="hit_1_right_to_left_01.png"	x="629"	y="260"	width="62"	height="138" frameX="-78" frameY="-2" frameWidth="140" frameHeight="140"/>
	<SubTexture name="hit_1_right_to_left_02.png"	x="754"	y="407"	width="58"	height="137" frameX="-71" frameY="-3" frameWidth="140" frameHeight="140"/>
	<SubTexture name="hit_1_right_to_left_03.png"	x="923"	y="546"	width="51"	height="132" frameX="-81" frameY="-6" frameWidth="140" frameHeight="140"/>
	<SubTexture name="hit_1_right_to_left_04.png"	x="630"	y="538"	width="62"	height="124" frameX="-69" frameY="-10" frameWidth="140" frameHeight="140"/>
	<SubTexture name="hit_1_right_to_left_05.png"	x="117"	y="140"	width="88"	height="118" frameX="-44" frameY="-16" frameWidth="140" frameHeight="140"/>
	<SubTexture name="hit_1_right_to_left_06.png"	x="0"	y="121"	width="116"	height="120" frameX="-23" frameY="-14" frameWidth="140" frameHeight="140"/>
	<SubTexture name="hit_2_left_to_right_01.png"	x="280"	y="773"	width="76"	height="138" frameX="-0" frameY="-2" frameWidth="125" frameHeight="140"/>
	<SubTexture name="hit_2_left_to_right_02.png"	x="194"	y="662"	width="85"	height="140" frameX="-10" frameY="-0" frameWidth="125" frameHeight="140"/>
	<SubTexture name="hit_2_left_to_right_03.png"	x="0"	y="522"	width="106"	height="139" frameX="-15" frameY="-1" frameWidth="125" frameHeight="140"/>
	<SubTexture name="hit_2_right_to_left_01.png"	x="284"	y="135"	width="76"	height="138" frameX="-49" frameY="-2" frameWidth="125" frameHeight="140"/>
	<SubTexture name="hit_2_right_to_left_02.png"	x="194"	y="803"	width="85"	height="140" frameX="-30" frameY="-0" frameWidth="125" frameHeight="140"/>
	<SubTexture name="hit_2_right_to_left_03.png"	x="0"	y="382"	width="106"	height="139" frameX="-4" frameY="-1" frameWidth="125" frameHeight="140"/>
	<SubTexture name="hit_3_left_to_right_01.png"	x="693"	y="636"	width="59"	height="133" frameX="-11" frameY="-7" frameWidth="75" frameHeight="140"/>
	<SubTexture name="hit_3_left_to_right_02.png"	x="693"	y="388"	width="60"	height="131" frameX="-11" frameY="-9" frameWidth="75" frameHeight="140"/>
	<SubTexture name="hit_3_left_to_right_03.png"	x="629"	y="817"	width="63"	height="131" frameX="-6" frameY="-9" frameWidth="75" frameHeight="140"/>
	<SubTexture name="hit_3_right_to_left_01.png"	x="693"	y="770"	width="59"	height="133" frameX="-5" frameY="-7" frameWidth="75" frameHeight="140"/>
	<SubTexture name="hit_3_right_to_left_02.png"	x="692"	y="0"	width="60"	height="131" frameX="-4" frameY="-9" frameWidth="75" frameHeight="140"/>
	<SubTexture name="hit_3_right_to_left_03.png"	x="565"	y="269"	width="63"	height="131" frameX="-6" frameY="-9" frameWidth="75" frameHeight="140"/>
	<SubTexture name="hit_4_left_to_right_01.png"	x="280"	y="912"	width="69"	height="103" frameX="-0" frameY="-52" frameWidth="100" frameHeight="155"/>
	<SubTexture name="hit_4_left_to_right_02.png"	x="753"	y="770"	width="59"	height="127" frameX="-0" frameY="-28" frameWidth="100" frameHeight="155"/>
	<SubTexture name="hit_4_left_to_right_03.png"	x="117"	y="0"	width="92"	height="139" frameX="-4" frameY="-16" frameWidth="100" frameHeight="155"/>
	<SubTexture name="hit_4_left_to_right_04.png"	x="99"	y="803"	width="94"	height="140" frameX="-5" frameY="-15" frameWidth="100" frameHeight="155"/>
	<SubTexture name="hit_4_left_to_right_05.png"	x="813"	y="536"	width="54"	height="154" frameX="-7" frameY="-1" frameWidth="100" frameHeight="155"/>
	<SubTexture name="hit_4_right_to_left_01.png"	x="350"	y="912"	width="69"	height="103" frameX="-31" frameY="-52" frameWidth="100" frameHeight="155"/>
	<SubTexture name="hit_4_right_to_left_02.png"	x="753"	y="0"	width="59"	height="127" frameX="-41" frameY="-28" frameWidth="100" frameHeight="155"/>
	<SubTexture name="hit_4_right_to_left_03.png"	x="107"	y="522"	width="92"	height="139" frameX="-4" frameY="-16" frameWidth="100" frameHeight="155"/>
	<SubTexture name="hit_4_right_to_left_04.png"	x="99"	y="662"	width="94"	height="140" frameX="-1" frameY="-15" frameWidth="100" frameHeight="155"/>
	<SubTexture name="hit_4_right_to_left_05.png"	x="813"	y="691"	width="54"	height="154" frameX="-39" frameY="-1" frameWidth="100" frameHeight="155"/>
	<SubTexture name="hit_5_left_to_right_01.png"	x="280"	y="638"	width="77"	height="134" frameX="-0" frameY="-6" frameWidth="160" frameHeight="140"/>
	<SubTexture name="hit_5_left_to_right_02.png"	x="358"	y="622"	width="71"	height="122" frameX="-31" frameY="-18" frameWidth="160" frameHeight="140"/>
	<SubTexture name="hit_5_left_to_right_03.png"	x="500"	y="698"	width="64"	height="118" frameX="-41" frameY="-22" frameWidth="160" frameHeight="140"/>
	<SubTexture name="hit_5_left_to_right_04.png"	x="201"	y="378"	width="82"	height="115" frameX="-48" frameY="-25" frameWidth="160" frameHeight="140"/>
	<SubTexture name="hit_5_left_to_right_05.png"	x="0"	y="662"	width="98"	height="132" frameX="-55" frameY="-8" frameWidth="160" frameHeight="140"/>
	<SubTexture name="hit_5_left_to_right_06.png"	x="693"	y="520"	width="60"	height="115" frameX="-52" frameY="-25" frameWidth="160" frameHeight="140"/>
	<SubTexture name="hit_5_left_to_right_07.png"	x="361"	y="268"	width="68"	height="121" frameX="-54" frameY="-19" frameWidth="160" frameHeight="140"/>
	<SubTexture name="hit_5_left_to_right_08.png"	x="500"	y="0"	width="63"	height="133" frameX="-49" frameY="-7" frameWidth="160" frameHeight="140"/>
	<SubTexture name="hit_5_right_to_left_01.png"	x="210"	y="0"	width="77"	height="134" frameX="-83" frameY="-6" frameWidth="160" frameHeight="140"/>
	<SubTexture name="hit_5_right_to_left_02.png"	x="360"	y="402"	width="71"	height="122" frameX="-58" frameY="-18" frameWidth="160" frameHeight="140"/>
	<SubTexture name="hit_5_right_to_left_03.png"	x="500"	y="817"	width="64"	height="118" frameX="-55" frameY="-22" frameWidth="160" frameHeight="140"/>
	<SubTexture name="hit_5_right_to_left_04.png"	x="200"	y="522"	width="82"	height="115" frameX="-30" frameY="-25" frameWidth="160" frameHeight="140"/>
	<SubTexture name="hit_5_right_to_left_05.png"	x="0"	y="795"	width="98"	height="132" frameX="-7" frameY="-8" frameWidth="160" frameHeight="140"/>
	<SubTexture name="hit_5_right_to_left_06.png"	x="692"	y="132"	width="60"	height="115" frameX="-48" frameY="-25" frameWidth="160" frameHeight="140"/>
	<SubTexture name="hit_5_right_to_left_07.png"	x="363"	y="0"	width="68"	height="121" frameX="-38" frameY="-19" frameWidth="160" frameHeight="140"/>
	<SubTexture name="hit_5_right_to_left_08.png"	x="565"	y="135"	width="63"	height="133" frameX="-48" frameY="-7" frameWidth="160" frameHeight="140"/>
	<SubTexture name="lost_01.png"	x="923"	y="412"	width="51"	height="133" frameX="-28" frameY="-7" frameWidth="100" frameHeight="140"/>
	<SubTexture name="lost_02.png"	x="812"	y="128"	width="57"	height="132" frameX="-22" frameY="-8" frameWidth="100" frameHeight="140"/>
	<SubTexture name="lost_03.png"	x="753"	y="636"	width="59"	height="133" frameX="-20" frameY="-7" frameWidth="100" frameHeight="140"/>
	<SubTexture name="lost_04.png"	x="923"	y="679"	width="51"	height="133" frameX="-28" frameY="-7" frameWidth="100" frameHeight="140"/>
	<SubTexture name="lost_05.png"	x="924"	y="277"	width="51"	height="132" frameX="-28" frameY="-8" frameWidth="100" frameHeight="140"/>
	<SubTexture name="lost_06.png"	x="813"	y="403"	width="55"	height="132" frameX="-24" frameY="-8" frameWidth="100" frameHeight="140"/>
	<SubTexture name="lost_07.png"	x="870"	y="277"	width="53"	height="134" frameX="-26" frameY="-6" frameWidth="100" frameHeight="140"/>
	<SubTexture name="stance_left_to_right_01.png"	x="564"	y="0"	width="63"	height="134" frameX="-9" frameY="-6" frameWidth="75" frameHeight="140"/>
	<SubTexture name="stance_left_to_right_02.png"	x="564"	y="411"	width="65"	height="136" frameX="-7" frameY="-4" frameWidth="75" frameHeight="140"/>
	<SubTexture name="stance_left_to_right_03.png"	x="432"	y="801"	width="67"	height="137" frameX="-6" frameY="-3" frameWidth="75" frameHeight="140"/>
	<SubTexture name="stance_left_to_right_04.png"	x="432"	y="275"	width="66"	height="136" frameX="-6" frameY="-4" frameWidth="75" frameHeight="140"/>
	<SubTexture name="stance_left_to_right_05.png"	x="498"	y="412"	width="65"	height="135" frameX="-7" frameY="-5" frameWidth="75" frameHeight="140"/>
	<SubTexture name="stance_left_to_right_06.png"	x="628"	y="0"	width="63"	height="134" frameX="-9" frameY="-6" frameWidth="75" frameHeight="140"/>
	<SubTexture name="stance_left_to_right_07.png"	x="565"	y="698"	width="63"	height="133" frameX="-9" frameY="-7" frameWidth="75" frameHeight="140"/>
	<SubTexture name="stance_right_to_left_01.png"	x="566"	y="548"	width="63"	height="134" frameX="-3" frameY="-6" frameWidth="75" frameHeight="140"/>
	<SubTexture name="stance_right_to_left_02.png"	x="499"	y="274"	width="65"	height="136" frameX="-3" frameY="-4" frameWidth="75" frameHeight="140"/>
	<SubTexture name="stance_right_to_left_03.png"	x="432"	y="0"	width="67"	height="137" frameX="-2" frameY="-3" frameWidth="75" frameHeight="140"/>
	<SubTexture name="stance_right_to_left_04.png"	x="432"	y="138"	width="66"	height="136" frameX="-3" frameY="-4" frameWidth="75" frameHeight="140"/>
	<SubTexture name="stance_right_to_left_05.png"	x="499"	y="138"	width="65"	height="135" frameX="-3" frameY="-5" frameWidth="75" frameHeight="140"/>
	<SubTexture name="stance_right_to_left_06.png"	x="565"	y="832"	width="63"	height="134" frameX="-3" frameY="-6" frameWidth="75" frameHeight="140"/>
	<SubTexture name="stance_right_to_left_07.png"	x="629"	y="683"	width="63"	height="133" frameX="-3" frameY="-7" frameWidth="75" frameHeight="140"/>
	<SubTexture name="victory_01.png"	x="692"	y="248"	width="60"	height="139" frameX="-32" frameY="-31" frameWidth="125" frameHeight="170"/>
	<SubTexture name="victory_02.png"	x="870"	y="0"	width="54"	height="135" frameX="-38" frameY="-35" frameWidth="125" frameHeight="170"/>
	<SubTexture name="victory_03.png"	x="361"	y="131"	width="70"	height="136" frameX="-22" frameY="-34" frameWidth="125" frameHeight="170"/>
	<SubTexture name="victory_04.png"	x="0"	y="242"	width="116"	height="139" frameX="-0" frameY="-31" frameWidth="125" frameHeight="170"/>
	<SubTexture name="victory_05.png"	x="107"	y="382"	width="93"	height="139" frameX="-17" frameY="-31" frameWidth="125" frameHeight="170"/>
	<SubTexture name="victory_06.png"	x="754"	y="266"	width="58"	height="140" frameX="-34" frameY="-30" frameWidth="125" frameHeight="170"/>
	<SubTexture name="victory_07.png"	x="813"	y="261"	width="56"	height="141" frameX="-36" frameY="-29" frameWidth="125" frameHeight="170"/>
	<SubTexture name="victory_08.png"	x="868"	y="536"	width="54"	height="142" frameX="-38" frameY="-28" frameWidth="125" frameHeight="170"/>
	<SubTexture name="victory_09.png"	x="500"	y="548"	width="65"	height="149" frameX="-30" frameY="-21" frameWidth="125" frameHeight="170"/>
	<SubTexture name="victory_10.png"	x="206"	y="140"	width="77"	height="166" frameX="-25" frameY="-4" frameWidth="125" frameHeight="170"/>
	<SubTexture name="victory_11.png"	x="868"	y="820"	width="54"	height="154" frameX="-38" frameY="-16" frameWidth="125" frameHeight="170"/>
	<SubTexture name="victory_12.png"	x="870"	y="136"	width="54"	height="140" frameX="-38" frameY="-30" frameWidth="125" frameHeight="170"/>
	<SubTexture name="victory_13.png"	x="868"	y="679"	width="54"	height="140" frameX="-38" frameY="-30" frameWidth="125" frameHeight="170"/>
	<SubTexture name="victory_14.png"	x="813"	y="846"	width="54"	height="141" frameX="-38" frameY="-29" frameWidth="125" frameHeight="170"/>
</TextureAtlas>