<?xml version="1.0" encoding="UTF-8"?>
<TextureAtlas imagePath="sprites_mileena.png">
	<!--
	Created with ShoeBox
	http://renderhjs.net/shoebox/
	-->
	<SubTexture name="damage_left_to_right_01.png"	x="751"	y="134"	width="54"	height="129" frameX="-17" frameY="-11" frameWidth="71" frameHeight="140"/>
	<SubTexture name="damage_left_to_right_02.png"	x="566"	y="256"	width="64"	height="122" frameX="-7" frameY="-18" frameWidth="71" frameHeight="140"/>
	<SubTexture name="damage_left_to_right_03.png"	x="355"	y="0"	width="71"	height="107" frameX="-0" frameY="-32" frameWidth="71" frameHeight="140"/>
	<SubTexture name="damage_right_to_left_01.png"	x="751"	y="264"	width="54"	height="129" frameX="-0" frameY="-11" frameWidth="71" frameHeight="140"/>
	<SubTexture name="damage_right_to_left_02.png"	x="565"	y="493"	width="64"	height="122" frameX="-0" frameY="-18" frameWidth="71" frameHeight="140"/>
	<SubTexture name="damage_right_to_left_03.png"	x="354"	y="721"	width="71"	height="107" frameX="-0" frameY="-32" frameWidth="71" frameHeight="140"/>
	<SubTexture name="hit_1_left_to_right_01.png"	x="498"	y="493"	width="66"	height="127" frameX="-0" frameY="-13" frameWidth="140" frameHeight="140"/>
	<SubTexture name="hit_1_left_to_right_02.png"	x="752"	y="394"	width="51"	height="128" frameX="-35" frameY="-12" frameWidth="140" frameHeight="140"/>
	<SubTexture name="hit_1_left_to_right_03.png"	x="806"	y="134"	width="50"	height="122" frameX="-35" frameY="-12" frameWidth="140" frameHeight="140"/>
	<SubTexture name="hit_1_left_to_right_04.png"	x="630"	y="866"	width="60"	height="121" frameX="-36" frameY="-13" frameWidth="140" frameHeight="140"/>
	<SubTexture name="hit_1_left_to_right_05.png"	x="104"	y="373"	width="87"	height="114" frameX="-38" frameY="-20" frameWidth="140" frameHeight="140"/>
	<SubTexture name="hit_1_left_to_right_06.png"	x="0"	y="508"	width="97"	height="120" frameX="-34" frameY="-14" frameWidth="140" frameHeight="140"/>
	<SubTexture name="hit_1_right_to_left_01.png"	x="498"	y="0"	width="66"	height="127" frameX="-74" frameY="-13" frameWidth="140" frameHeight="140"/>
	<SubTexture name="hit_1_right_to_left_02.png"	x="804"	y="394"	width="51"	height="128" frameX="-54" frameY="-12" frameWidth="140" frameHeight="140"/>
	<SubTexture name="hit_1_right_to_left_03.png"	x="806"	y="257"	width="50"	height="122" frameX="-55" frameY="-12" frameWidth="140" frameHeight="140"/>
	<SubTexture name="hit_1_right_to_left_04.png"	x="631"	y="256"	width="60"	height="121" frameX="-44" frameY="-13" frameWidth="140" frameHeight="140"/>
	<SubTexture name="hit_1_right_to_left_05.png"	x="104"	y="258"	width="87"	height="114" frameX="-15" frameY="-20" frameWidth="140" frameHeight="140"/>
	<SubTexture name="hit_1_right_to_left_06.png"	x="0"	y="629"	width="97"	height="120" frameX="-9" frameY="-14" frameWidth="140" frameHeight="140"/>
	<SubTexture name="hit_2_left_to_right_01.png"	x="565"	y="128"	width="66"	height="127" frameX="-3" frameY="-18" frameWidth="105" frameHeight="145"/>
	<SubTexture name="hit_2_left_to_right_02.png"	x="188"	y="883"	width="84"	height="127" frameX="-2" frameY="-18" frameWidth="105" frameHeight="145"/>
	<SubTexture name="hit_2_left_to_right_03.png"	x="0"	y="383"	width="103"	height="124" frameX="-2" frameY="-21" frameWidth="105" frameHeight="145"/>
	<SubTexture name="hit_2_right_to_left_01.png"	x="565"	y="0"	width="66"	height="127" frameX="-36" frameY="-18" frameWidth="105" frameHeight="145"/>
	<SubTexture name="hit_2_right_to_left_02.png"	x="187"	y="617"	width="84"	height="127" frameX="-19" frameY="-18" frameWidth="105" frameHeight="145"/>
	<SubTexture name="hit_2_right_to_left_03.png"	x="0"	y="258"	width="103"	height="124" frameX="-0" frameY="-21" frameWidth="105" frameHeight="145"/>
	<SubTexture name="hit_3_left_to_right_01.png"	x="274"	y="277"	width="79"	height="126" frameX="-1" frameY="-14" frameWidth="80" frameHeight="140"/>
	<SubTexture name="hit_3_left_to_right_02.png"	x="750"	y="623"	width="56"	height="134" frameX="-2" frameY="-6" frameWidth="80" frameHeight="140"/>
	<SubTexture name="hit_3_left_to_right_03.png"	x="751"	y="0"	width="55"	height="133" frameX="-2" frameY="-7" frameWidth="80" frameHeight="140"/>
	<SubTexture name="hit_3_right_to_left_01.png"	x="274"	y="745"	width="79"	height="126" frameX="-0" frameY="-14" frameWidth="80" frameHeight="140"/>
	<SubTexture name="hit_3_right_to_left_02.png"	x="693"	y="623"	width="56"	height="134" frameX="-22" frameY="-6" frameWidth="80" frameHeight="140"/>
	<SubTexture name="hit_3_right_to_left_03.png"	x="751"	y="758"	width="55"	height="133" frameX="-23" frameY="-7" frameWidth="80" frameHeight="140"/>
	<SubTexture name="hit_4_left_to_right_01.png"	x="108"	y="129"	width="86"	height="80" frameX="-0" frameY="-70" frameWidth="115" frameHeight="150"/>
	<SubTexture name="hit_4_left_to_right_02.png"	x="630"	y="379"	width="63"	height="110" frameX="-25" frameY="-40" frameWidth="115" frameHeight="150"/>
	<SubTexture name="hit_4_left_to_right_03.png"	x="98"	y="508"	width="88"	height="117" frameX="-21" frameY="-33" frameWidth="115" frameHeight="150"/>
	<SubTexture name="hit_4_left_to_right_04.png"	x="0"	y="750"	width="95"	height="123" frameX="-20" frameY="-27" frameWidth="115" frameHeight="150"/>
	<SubTexture name="hit_4_left_to_right_05.png"	x="428"	y="867"	width="69"	height="145" frameX="-27" frameY="-5" frameWidth="115" frameHeight="150"/>
	<SubTexture name="hit_4_right_to_left_01.png"	x="111"	y="0"	width="86"	height="80" frameX="-29" frameY="-70" frameWidth="115" frameHeight="150"/>
	<SubTexture name="hit_4_right_to_left_02.png"	x="566"	y="379"	width="63"	height="110" frameX="-27" frameY="-40" frameWidth="115" frameHeight="150"/>
	<SubTexture name="hit_4_right_to_left_03.png"	x="98"	y="626"	width="88"	height="117" frameX="-6" frameY="-33" frameWidth="115" frameHeight="150"/>
	<SubTexture name="hit_4_right_to_left_04.png"	x="0"	y="874"	width="95"	height="123" frameX="-0" frameY="-27" frameWidth="115" frameHeight="150"/>
	<SubTexture name="hit_4_right_to_left_05.png"	x="426"	y="721"	width="69"	height="145" frameX="-19" frameY="-5" frameWidth="115" frameHeight="150"/>
	<SubTexture name="hit_5_left_to_right_01.png"	x="632"	y="127"	width="59"	height="126" frameX="-9" frameY="-14" frameWidth="140" frameHeight="140"/>
	<SubTexture name="hit_5_left_to_right_02.png"	x="692"	y="0"	width="58"	height="128" frameX="-12" frameY="-12" frameWidth="140" frameHeight="140"/>
	<SubTexture name="hit_5_left_to_right_03.png"	x="354"	y="259"	width="71"	height="125" frameX="-10" frameY="-15" frameWidth="140" frameHeight="140"/>
	<SubTexture name="hit_5_left_to_right_04.png"	x="273"	y="874"	width="79"	height="137" frameX="-50" frameY="-3" frameWidth="140" frameHeight="140"/>
	<SubTexture name="hit_5_left_to_right_05.png"	x="565"	y="616"	width="64"	height="129" frameX="-46" frameY="-11" frameWidth="140" frameHeight="140"/>
	<SubTexture name="hit_5_left_to_right_06.png"	x="856"	y="786"	width="34"	height="130" frameX="-47" frameY="-10" frameWidth="140" frameHeight="140"/>
	<SubTexture name="hit_5_left_to_right_07.png"	x="496"	y="622"	width="68"	height="128" frameX="-20" frameY="-12" frameWidth="140" frameHeight="140"/>
	<SubTexture name="hit_5_left_to_right_08.png"	x="630"	y="490"	width="62"	height="126" frameX="-20" frameY="-14" frameWidth="140" frameHeight="140"/>
	<SubTexture name="hit_5_right_to_left_01.png"	x="632"	y="0"	width="59"	height="126" frameX="-72" frameY="-14" frameWidth="140" frameHeight="140"/>
	<SubTexture name="hit_5_right_to_left_02.png"	x="692"	y="129"	width="58"	height="128" frameX="-70" frameY="-12" frameWidth="140" frameHeight="140"/>
	<SubTexture name="hit_5_right_to_left_03.png"	x="426"	y="108"	width="71"	height="125" frameX="-59" frameY="-15" frameWidth="140" frameHeight="140"/>
	<SubTexture name="hit_5_right_to_left_04.png"	x="274"	y="139"	width="79"	height="137" frameX="-11" frameY="-3" frameWidth="140" frameHeight="140"/>
	<SubTexture name="hit_5_right_to_left_05.png"	x="565"	y="875"	width="64"	height="129" frameX="-30" frameY="-11" frameWidth="140" frameHeight="140"/>
	<SubTexture name="hit_5_right_to_left_06.png"	x="855"	y="655"	width="34"	height="130" frameX="-59" frameY="-10" frameWidth="140" frameHeight="140"/>
	<SubTexture name="hit_5_right_to_left_07.png"	x="428"	y="364"	width="68"	height="128" frameX="-52" frameY="-12" frameWidth="140" frameHeight="140"/>
	<SubTexture name="hit_5_right_to_left_08.png"	x="630"	y="617"	width="62"	height="126" frameX="-58" frameY="-14" frameWidth="140" frameHeight="140"/>
	<SubTexture name="lost_01.png"	x="807"	y="0"	width="50"	height="127" frameX="-25" frameY="-13" frameWidth="100" frameHeight="140"/>
	<SubTexture name="lost_02.png"	x="807"	y="523"	width="50"	height="131" frameX="-24" frameY="-9" frameWidth="100" frameHeight="140"/>
	<SubTexture name="lost_03.png"	x="751"	y="892"	width="53"	height="130" frameX="-21" frameY="-10" frameWidth="100" frameHeight="140"/>
	<SubTexture name="lost_04.png"	x="630"	y="744"	width="62"	height="121" frameX="-12" frameY="-19" frameWidth="100" frameHeight="140"/>
	<SubTexture name="lost_05.png"	x="498"	y="751"	width="66"	height="117" frameX="-8" frameY="-23" frameWidth="100" frameHeight="140"/>
	<SubTexture name="lost_06.png"	x="807"	y="655"	width="47"	height="120" frameX="-27" frameY="-20" frameWidth="100" frameHeight="140"/>
	<SubTexture name="lost_07.png"	x="805"	y="892"	width="50"	height="126" frameX="-27" frameY="-14" frameWidth="100" frameHeight="140"/>
	<SubTexture name="stance_left_to_right_01.png"	x="498"	y="128"	width="66"	height="127" frameX="-15" frameY="-8" frameWidth="81" frameHeight="135"/>
	<SubTexture name="stance_left_to_right_02.png"	x="497"	y="364"	width="68"	height="128" frameX="-13" frameY="-7" frameWidth="81" frameHeight="135"/>
	<SubTexture name="stance_left_to_right_03.png"	x="426"	y="234"	width="71"	height="129" frameX="-10" frameY="-6" frameWidth="81" frameHeight="135"/>
	<SubTexture name="stance_left_to_right_04.png"	x="353"	y="872"	width="74"	height="129" frameX="-7" frameY="-6" frameWidth="81" frameHeight="135"/>
	<SubTexture name="stance_left_to_right_05.png"	x="352"	y="592"	width="76"	height="128" frameX="-5" frameY="-7" frameWidth="81" frameHeight="135"/>
	<SubTexture name="stance_left_to_right_06.png"	x="272"	y="617"	width="79"	height="127" frameX="-2" frameY="-8" frameWidth="81" frameHeight="135"/>
	<SubTexture name="stance_left_to_right_07.png"	x="192"	y="210"	width="81"	height="126" frameX="-0" frameY="-9" frameWidth="81" frameHeight="135"/>
	<SubTexture name="stance_left_to_right_08.png"	x="272"	y="617"	width="79"	height="127" frameX="-2" frameY="-8" frameWidth="81" frameHeight="135"/>
	<SubTexture name="stance_left_to_right_09.png"	x="352"	y="592"	width="76"	height="128" frameX="-5" frameY="-7" frameWidth="81" frameHeight="135"/>
	<SubTexture name="stance_left_to_right_10.png"	x="353"	y="872"	width="74"	height="129" frameX="-7" frameY="-6" frameWidth="81" frameHeight="135"/>
	<SubTexture name="stance_left_to_right_11.png"	x="426"	y="234"	width="71"	height="129" frameX="-10" frameY="-6" frameWidth="81" frameHeight="135"/>
	<SubTexture name="stance_left_to_right_12.png"	x="497"	y="364"	width="68"	height="128" frameX="-13" frameY="-7" frameWidth="81" frameHeight="135"/>
	<SubTexture name="stance_right_to_left_01.png"	x="498"	y="869"	width="66"	height="127" frameX="-0" frameY="-8" frameWidth="81" frameHeight="135"/>
	<SubTexture name="stance_right_to_left_02.png"	x="429"	y="493"	width="68"	height="128" frameX="-0" frameY="-7" frameWidth="81" frameHeight="135"/>
	<SubTexture name="stance_right_to_left_03.png"	x="354"	y="129"	width="71"	height="129" frameX="-0" frameY="-6" frameWidth="81" frameHeight="135"/>
	<SubTexture name="stance_right_to_left_04.png"	x="353"	y="404"	width="74"	height="129" frameX="-0" frameY="-6" frameWidth="81" frameHeight="135"/>
	<SubTexture name="stance_right_to_left_05.png"	x="278"	y="0"	width="76"	height="128" frameX="-0" frameY="-7" frameWidth="81" frameHeight="135"/>
	<SubTexture name="stance_right_to_left_06.png"	x="273"	y="464"	width="79"	height="127" frameX="-0" frameY="-8" frameWidth="81" frameHeight="135"/>
	<SubTexture name="stance_right_to_left_07.png"	x="192"	y="337"	width="81"	height="126" frameX="-0" frameY="-9" frameWidth="81" frameHeight="135"/>
	<SubTexture name="stance_right_to_left_08.png"	x="273"	y="464"	width="79"	height="127" frameX="-0" frameY="-8" frameWidth="81" frameHeight="135"/>
	<SubTexture name="stance_right_to_left_09.png"	x="278"	y="0"	width="76"	height="128" frameX="-0" frameY="-7" frameWidth="81" frameHeight="135"/>
	<SubTexture name="stance_right_to_left_10.png"	x="353"	y="404"	width="74"	height="129" frameX="-0" frameY="-6" frameWidth="81" frameHeight="135"/>
	<SubTexture name="stance_right_to_left_11.png"	x="354"	y="129"	width="71"	height="129" frameX="-0" frameY="-6" frameWidth="81" frameHeight="135"/>
	<SubTexture name="stance_right_to_left_12.png"	x="429"	y="493"	width="68"	height="128" frameX="-0" frameY="-7" frameWidth="81" frameHeight="135"/>
	<SubTexture name="victory_01.png"	x="693"	y="490"	width="58"	height="132" frameX="-34" frameY="-28" frameWidth="120" frameHeight="160"/>
	<SubTexture name="victory_02.png"	x="565"	y="746"	width="64"	height="128" frameX="-26" frameY="-31" frameWidth="120" frameHeight="160"/>
	<SubTexture name="victory_03.png"	x="0"	y="129"	width="107"	height="128" frameX="-5" frameY="-31" frameWidth="120" frameHeight="160"/>
	<SubTexture name="victory_04.png"	x="96"	y="883"	width="91"	height="128" frameX="-13" frameY="-31" frameWidth="120" frameHeight="160"/>
	<SubTexture name="victory_05.png"	x="0"	y="0"	width="110"	height="128" frameX="-3" frameY="-31" frameWidth="120" frameHeight="160"/>
	<SubTexture name="victory_06.png"	x="187"	y="488"	width="85"	height="128" frameX="-16" frameY="-31" frameWidth="120" frameHeight="160"/>
	<SubTexture name="victory_07.png"	x="190"	y="745"	width="83"	height="128" frameX="-17" frameY="-31" frameWidth="120" frameHeight="160"/>
	<SubTexture name="victory_08.png"	x="198"	y="0"	width="79"	height="138" frameX="-19" frameY="-21" frameWidth="120" frameHeight="160"/>
	<SubTexture name="victory_09.png"	x="96"	y="750"	width="93"	height="132" frameX="-12" frameY="-27" frameWidth="120" frameHeight="160"/>
	<SubTexture name="victory_10.png"	x="691"	y="866"	width="59"	height="125" frameX="-32" frameY="-34" frameWidth="120" frameHeight="160"/>
	<SubTexture name="victory_11.png"	x="694"	y="258"	width="56"	height="133" frameX="-30" frameY="-26" frameWidth="120" frameHeight="160"/>
	<SubTexture name="victory_12.png"	x="857"	y="128"	width="32"	height="158" frameX="-41" frameY="-1" frameWidth="120" frameHeight="160"/>
</TextureAtlas>