<?xml version="1.0" encoding="utf-8" ?>
<Fighters>
	<Button>
		<Name>buttonBack</Name>
		<TextRus>Назад</TextRus>
		<TextEng>Back</TextEng>
		<Texture>button.png</Texture>
		<FontName>Arial</FontName>
		<FontColor>0xffffff</FontColor>
		<FontSize>14</FontSize>
		<PosX>-250</PosX>
		<PosY>400</PosY>
	</Button>
	<Button>
		<Name>menuButtonSattings</Name>
		<TextRus>Настройки</TextRus>
		<TextEng>Settings</TextEng>
		<Texture>button.png</Texture>
		<FontName>Arial</FontName>
		<FontColor>0xffffff</FontColor>
		<FontSize>14</FontSize>
		<PosX>-50</PosX>
		<PosY>400</PosY>
	</Button>
	<Button>
		<Name>VKButtonInvite</Name>
		<TextRus>Пригласить</TextRus>
		<TextEng>Invite</TextEng>
		<Texture>button.png</Texture>
		<FontName>Arial</FontName>
		<FontColor>0xffffff</FontColor>
		<FontSize>14</FontSize>
		<PosX>150</PosX>
		<PosY>400</PosY>
	</Button>
	<Button>
		<Name>buttonPlay</Name>
		<TextRus>Играть</TextRus>
		<TextEng>Play</TextEng>
		<Texture>button.png</Texture>
		<FontName>Arial</FontName>
		<FontColor>0xffffff</FontColor>
		<FontSize>14</FontSize>
		<PosX>350</PosX>
		<PosY>400</PosY>
	</Button>
	<Icon>
		<Name>liukang</Name>
		<PosX>0</PosX>
		<PosY>0</PosY>
		<Texture>liukang.png</Texture>
	</Icon>
	<Icon>
		<Name>kunglao</Name>
		<PosX>75</PosX>
		<PosY>0</PosY>
		<Texture>kunglao.png</Texture>
	</Icon>
	<Icon>
		<Name>johnnycage</Name>
		<PosX>150</PosX>
		<PosY>0</PosY>
		<Texture>johnnycage.png</Texture>
	</Icon>
	<Icon>
		<Name>reptile</Name>
		<PosX>225</PosX>
		<PosY>0</PosY>
		<Texture>reptile.png</Texture>
	</Icon>
	<Icon>
		<Name>subzero</Name>
		<PosX>0</PosX>
		<PosY>85</PosY>
		<Texture>subzero.png</Texture>
	</Icon>
	<Icon>
		<Name>shangtsung</Name>
		<PosX>75</PosX>
		<PosY>85</PosY>
		<Texture>shangtsung.png</Texture>
	</Icon>
	<Icon>
		<Name>kitana</Name>
		<PosX>150</PosX>
		<PosY>85</PosY>
		<Texture>kitana.png</Texture>
	</Icon>
	<Icon>
		<Name>jax</Name>
		<PosX>225</PosX>
		<PosY>85</PosY>
		<Texture>jax.png</Texture>
	</Icon>
	<Icon>
		<Name>mileena</Name>
		<PosX>0</PosX>
		<PosY>170</PosY>
		<Texture>mileena.png</Texture>
	</Icon>
	<Icon>
		<Name>baraka</Name>
		<PosX>75</PosX>
		<PosY>170</PosY>
		<Texture>baraka.png</Texture>
	</Icon>
	<Icon>
		<Name>scorpion</Name>
		<PosX>150</PosX>
		<PosY>170</PosY>
		<Texture>scorpion.png</Texture>
	</Icon>
	<Icon>
		<Name>raiden</Name>
		<PosX>225</PosX>
		<PosY>170</PosY>
		<Texture>raiden.png</Texture>
	</Icon>
</Fighters>