<?xml version="1.0" encoding="utf-8" ?>
<Characteristics>
	<SuperFighter>
		<Name>shaokahn</Name>
		<CharacterHit1>2</CharacterHit1>
		<CharacterHit2>2</CharacterHit2>
		<CharacterHit3>1</CharacterHit3>
		<CharacterHit4>3</CharacterHit4>
		<CharacterHit5>2</CharacterHit5>
		<Life>1200</Life>
	</SuperFighter>
	<SuperFighter>
		<Name>goro</Name>
		<CharacterHit1>2</CharacterHit1>
		<CharacterHit2>2</CharacterHit2>
		<CharacterHit3>2</CharacterHit3>
		<CharacterHit4>2</CharacterHit4>
		<CharacterHit5>2</CharacterHit5>
		<Life>1200</Life>
	</SuperFighter>
	<Fighter>
		<Name>liukang</Name>
		<CharacterHit1>2</CharacterHit1>
		<CharacterHit2>1</CharacterHit2>
		<CharacterHit3>1</CharacterHit3>
		<CharacterHit4>1</CharacterHit4>
		<CharacterHit5>2</CharacterHit5>
	</Fighter>
	<Fighter>
		<Name>kunglao</Name>
		<CharacterHit1>1</CharacterHit1>
		<CharacterHit2>2</CharacterHit2>
		<CharacterHit3>1</CharacterHit3>
		<CharacterHit4>2</CharacterHit4>
		<CharacterHit5>1</CharacterHit5>
	</Fighter>
	<Fighter>
		<Name>johnnycage</Name>
		<CharacterHit1>1</CharacterHit1>
		<CharacterHit2>1</CharacterHit2>
		<CharacterHit3>2</CharacterHit3>
		<CharacterHit4>2</CharacterHit4>
		<CharacterHit5>1</CharacterHit5>
	</Fighter>
	<Fighter>
		<Name>reptile</Name>
		<CharacterHit1>1</CharacterHit1>
		<CharacterHit2>1</CharacterHit2>
		<CharacterHit3>1</CharacterHit3>
		<CharacterHit4>2</CharacterHit4>
		<CharacterHit5>2</CharacterHit5>
	</Fighter>
	<Fighter>
		<Name>subzero</Name>
		<CharacterHit1>2</CharacterHit1>
		<CharacterHit2>2</CharacterHit2>
		<CharacterHit3>1</CharacterHit3>
		<CharacterHit4>1</CharacterHit4>
		<CharacterHit5>1</CharacterHit5>
	</Fighter>
	<Fighter>
		<Name>shangtsung</Name>
		<CharacterHit1>1</CharacterHit1>
		<CharacterHit2>1</CharacterHit2>
		<CharacterHit3>1</CharacterHit3>
		<CharacterHit4>3</CharacterHit4>
		<CharacterHit5>1</CharacterHit5>
	</Fighter>
	<Fighter>
		<Name>kitana</Name>
		<CharacterHit1>1</CharacterHit1>
		<CharacterHit2>1</CharacterHit2>
		<CharacterHit3>3</CharacterHit3>
		<CharacterHit4>1</CharacterHit4>
		<CharacterHit5>1</CharacterHit5>
	</Fighter>
	<Fighter>
		<Name>jax</Name>
		<CharacterHit1>1</CharacterHit1>
		<CharacterHit2>3</CharacterHit2>
		<CharacterHit3>1</CharacterHit3>
		<CharacterHit4>1</CharacterHit4>
		<CharacterHit5>1</CharacterHit5>
	</Fighter>
	<Fighter>
		<Name>mileena</Name>
		<CharacterHit1>1</CharacterHit1>
		<CharacterHit2>2</CharacterHit2>
		<CharacterHit3>2</CharacterHit3>
		<CharacterHit4>1</CharacterHit4>
		<CharacterHit5>1</CharacterHit5>
	</Fighter>
	<Fighter>
		<Name>baraka</Name>
		<CharacterHit1>1</CharacterHit1>
		<CharacterHit2>1</CharacterHit2>
		<CharacterHit3>1</CharacterHit3>
		<CharacterHit4>1</CharacterHit4>
		<CharacterHit5>3</CharacterHit5>
	</Fighter>
	<Fighter>
		<Name>scorpion</Name>
		<CharacterHit1>3</CharacterHit1>
		<CharacterHit2>1</CharacterHit2>
		<CharacterHit3>1</CharacterHit3>
		<CharacterHit4>1</CharacterHit4>
		<CharacterHit5>1</CharacterHit5>
	</Fighter>
	<Fighter>
		<Name>raiden</Name>
		<CharacterHit1>2</CharacterHit1>
		<CharacterHit2>1</CharacterHit2>
		<CharacterHit3>2</CharacterHit3>
		<CharacterHit4>1</CharacterHit4>
		<CharacterHit5>2</CharacterHit5>
	</Fighter>
</Characteristics>